blocked_intent,existing_owner_url,reason,risk_if_created,allowed_alternative_angle
akupunktur bei nackenschmerzen,/beschwerden/nackenschmerzen/,Beschwerdeseite besitzt Behandlungs-Intent; Studienlage-Artikel existiert zusätzlich (/wissen/akupunktur-bei-nackenschmerzen/),Dritte Seite würde ein bereits zweifach besetztes Keyword splitten,Keiner — beide Intents sind besetzt
akupunktur bei rückenschmerzen / tcm rückenschmerzen,/beschwerden/rueckenschmerzen/,Behandlungs-Intent besetzt; Studienlage (/wissen/akupunktur-bei-rueckenschmerzen/) und Unterer-Rücken-Ratgeber (/wissen/schmerzen-unterer-ruecken/) existieren ebenfalls,Vier Seiten im selben Cluster = garantierte Rotation,Sehr enge Muster (z.B. einseitige Ausstrahlung) nur nach GSC-Nachweis
akupunktur bei migräne,/beschwerden/migraene/,Beschwerdeseite + kritischer Wissen-Artikel (migraene-tcm-warum-akupunktur-nicht-fuer-jeden) decken beide Intents,Rotation im gut rankenden Migräne-Cluster,Keiner
wie lange bleiben akupunkturnadeln drin,/wissen/wie-lange-bleiben-akupunkturnadeln-drin/,Expliziter Owner; Dauernadeln-Artikel wurde 09/2026 bewusst von diesem Frame befreit,Wiederholung der dokumentierten Kannibalisierung (GSC Pos. 9-13),Keiner
dauernadeln / akupunkturpflaster,/therapien/dauernadeln/,Therapieseite + Wissen-Support (/wissen/dauernadeln-akupunktur/) besetzen Methode und Einordnung,Drittes Dauernadeln-Dokument splittet erneut,Keiner
akupunktur in der nähe / tcm in der nähe,/akupunktur-in-der-naehe/,Primary seit 09/2026; das Wissen-Duplikat wurde kanonisiert,Neuaufbau des gerade aufgelösten Duplikats,Keiner — neue Standorte in die bestehende Seite eintragen
schröpfen flecken / schröpfen wirkung,/therapien/schroepfen/,Methode besetzt; Flecken-Frage besitzt /wissen/schroepfen-wirkung-flecken/,Rotation,Keiner
hijama,/therapien/schroepfen/hijama/,Bereits ZWEI Seiten im Hijama-Raum (inkl. blutiges-schroepfen) — offener Review-Fall,Dritte Seite verschärft bestehenden Konflikt,Keiner bis intent-conflicts-Fall gelöst ist
hexenschuss was tun,/wissen/hexenschuss-was-tun/,Soforthilfe-Intent besetzt; Behandlungs-Intent gehört /beschwerden/hexenschuss/,Rotation,Keiner
burnout symptome / anzeichen burnout,/wissen/burnout-symptome-erkennen/,Früherkennungs-Intent besetzt; Behandlung gehört /beschwerden/stress-burnout/,Rotation im Stress-Cluster (burnout-Leaf ist bereits kanonisiert),Keiner
was hilft gegen kopfschmerzen,/wissen/was-hilft-gegen-kopfschmerzen/,Generischer Ratgeber-Intent besetzt; Untertypen haben eigene Leaves,Sechste Seite im Kopfschmerz-Cluster,Nur klar abgegrenzte Untertypen mit eigener Diagnose (bereits vorhanden: Spannung/Cluster/Augenmigräne/Migräne)
akupunktur zum abnehmen / akupunktur abnehmen ohr,/wissen/akupunktur-zum-abnehmen/,Transparenz-Artikel besetzt den Intent bewusst mit Absage-Positionierung,Neue Seite würde der publizierten Haltung widersprechen (Glaubwürdigkeit),Keiner — Positionierungsfrage zuerst redaktionell klären (siehe intent-conflicts)
akupunktur kinderwunsch / tcm kinderwunsch,/beschwerden/kinderwunsch/,Money-Seite + Wissen-Artikel überlappen bereits (offener High-Risk-Fall),Dritte Seite in den grössten offenen Konflikt hinein,Keiner bis GSC-Entscheidung gefallen ist
zähneknirschen nachts,/beschwerden/zaehneknirschen/,Leaf deckt das nächtliche Knirschen inkl. CMD-Kontext (Schwester-Leaf kieferschmerzen),Synonym-Doorway,Keiner
blähungen nach dem essen,/beschwerden/blaehungen/,Leaf deckt das Symptom; Reizdarm/Verdauungsprobleme decken das Umfeld,Synonym-Doorway im dichten Verdauungs-Cluster,Keiner
schulterschmerzen nachts beim liegen,/beschwerden/schulterschmerzen/,Leaf deckt Schulterschmerzen inkl. nächtlicher Symptomatik; frozen-shoulder existiert separat,Symptom-Variante ohne eigenen Intent,Keiner
hände schlafen nachts ein / eingeschlafene hände,/beschwerden/karpaltunnelsyndrom/,Leaf-Meta targetiert genau dieses Muster (eingeschlafene Hände & nächtliche Schmerzen),Kannibalisierung der klar besetzten KTS-Seite,Differentialdiagnose-Artikel (Ulnaris/HWS) nur mit GSC-Nachweis dass die Query vorbeiläuft
dry needling oder akupunktur,/wissen/dry-needling-vs-akupunktur/,Vergleichs-Intent explizit besetzt,Rotation,Keiner
triggerpunkte lösen,/wissen/triggerpunkte-verstehen-loesen/,Besetzt; Behandlungs-Intent gehört /therapien/massage/triggerpunktmassage/,Rotation,Keiner
verklebte faszien,/wissen/faszien-verklebt-was-hilft/,Besetzt,Rotation,Keiner
akupressurmatte,/wissen/akupressurmatte-was-bringt-sie/,Besetzt,Rotation,Keiner
akupunktur krankenkasse / tcm krankenkasse,/krankenkassen/,Hub + Unterseiten + Wissen-Deep-Dive besetzen den Raum bereits dreifach (Review-Fall),Vierte Seite verschärft den offenen Konflikt,Nur kassenspezifische Detailseiten nach GSC-Nachweis
tcm st. gallen / akupunktur st. gallen,/standorte/st-gallen/,Bereits DOPPELT besetzt (Standortseite + Stadt-Lander) — offener High-Risk-Fall,Dritte Seite in offenen Konflikt,Keiner bis intent-conflicts-Fall gelöst ist
tcm zürich / akupunktur zürich,/akupunktur-tcm-zuerich/,Hub + drei Quartier-Spokes besetzen Stadt- und Quartier-Intents vollständig,Rotation in funktionierender Hub-Architektur,Nur /kosten/-Lücke (siehe unowned-search-intents P1)
massage zürich / massage winterthur etc.,/massage-zuerich/,Acht Stadt-Massageseiten besetzen die lokalen Intents; Methoden gehören /therapien/massage/*,Doorway-Inflation,Nur neue Stadt bei realer Praxiseröffnung
erstbehandlung ablauf / tcm erfahrungen {stadt},/wissen/tcm-st-gallen-erfahrungen-ablauf/,Sechs Stadt-Erfahrungs-Artikel decken das Muster für alle relevanten Standorte,Weitere Varianten kannibalisieren das Muster,Neue Stadt nur bei Praxiseröffnung
schwindel beim umdrehen im bett,/koerpersignale/schwindel-beim-umdrehen-im-bett/,Körpersignal-Seite besitzt diesen Muster-Intent seit 09/2026,Duplikat innerhalb der neuen Rubrik,Keiner
herzschlag im ohr,/koerpersignale/herzschlag-im-ohr/,Körpersignal-Seite besitzt diesen Muster-Intent seit 09/2026,Duplikat innerhalb der neuen Rubrik,Keiner
schwindel beim aufstehen,/koerpersignale/schwindel-beim-aufstehen/,Körpersignal-Seite besitzt diesen Muster-Intent seit 09/2026,Duplikat innerhalb der neuen Rubrik,Keiner
finger schlafen ein,/koerpersignale/finger-schlafen-ein/,Körpersignal-Seite besitzt diesen Muster-Intent seit 09/2026,Duplikat innerhalb der neuen Rubrik,Keiner
einzelne finger taub,/koerpersignale/einzelne-finger-taub/,Körpersignal-Seite besitzt diesen Muster-Intent seit 09/2026,Duplikat innerhalb der neuen Rubrik,Keiner
eine hand kälter als die andere,/koerpersignale/kalte-haende-einseitig/,Körpersignal-Seite besitzt diesen Muster-Intent seit 09/2026,Duplikat innerhalb der neuen Rubrik,Keiner
klossgefühl im hals,/koerpersignale/klossgefuehl-im-hals/,Körpersignal-Seite besitzt diesen Muster-Intent seit 09/2026,Duplikat innerhalb der neuen Rubrik,Keiner
ständiger räusperzwang,/koerpersignale/staendiger-raeusperzwang/,Körpersignal-Seite besitzt diesen Muster-Intent seit 09/2026,Duplikat innerhalb der neuen Rubrik,Keiner
zungenbrennen,/koerpersignale/zungenbrennen/,Körpersignal-Seite besitzt diesen Muster-Intent seit 09/2026,Duplikat innerhalb der neuen Rubrik,Keiner
hitzegefühl ohne fieber,/koerpersignale/hitzegefuehl-ohne-fieber/,Körpersignal-Seite besitzt diesen Muster-Intent seit 09/2026,Duplikat innerhalb der neuen Rubrik,Keiner
starkes schwitzen ohne grund,/koerpersignale/starkes-schwitzen-ohne-sport/,Körpersignal-Seite besitzt diesen Muster-Intent seit 09/2026,Duplikat innerhalb der neuen Rubrik,Keiner
wadenkrämpfe nachts,/koerpersignale/wadenkraempfe-nachts/,Körpersignal-Seite besitzt diesen Muster-Intent seit 09/2026,Duplikat innerhalb der neuen Rubrik,Keiner
augenlid zuckt,/koerpersignale/augenlid-zuckt/,Körpersignal-Seite (Welle 2) besitzt diesen Muster-Intent seit 09/2026,Duplikat innerhalb der Rubrik,Keiner
ohr einseitig verstopft,/koerpersignale/ohr-einseitig-verstopft/,Körpersignal-Seite (Welle 2) besitzt diesen Muster-Intent seit 09/2026,Duplikat innerhalb der Rubrik,Keiner
immer zur gleichen uhrzeit aufwachen,/koerpersignale/immer-zur-gleichen-uhrzeit-aufwachen/,Körpersignal-Seite (Welle 2) besitzt diesen Muster-Intent seit 09/2026,Duplikat innerhalb der Rubrik,Keiner
nachtschweiss ohne fieber,/koerpersignale/nachtschweiss-ohne-fieber/,Körpersignal-Seite (Welle 2) besitzt diesen Muster-Intent seit 09/2026,Duplikat innerhalb der Rubrik,Keiner
rückenschmerzen beim husten,/koerpersignale/rueckenschmerzen-beim-husten/,Körpersignal-Seite (Welle 2) besitzt diesen Muster-Intent seit 09/2026,Duplikat innerhalb der Rubrik,Keiner
bein wird beim sitzen taub,/koerpersignale/bein-wird-beim-sitzen-taub/,Körpersignal-Seite (Welle 2) besitzt diesen Muster-Intent seit 09/2026,Duplikat innerhalb der Rubrik,Keiner
finger morgens steif,/koerpersignale/finger-morgens-steif/,Körpersignal-Seite (Welle 2) besitzt diesen Muster-Intent seit 09/2026,Duplikat innerhalb der Rubrik,Keiner
hand kribbelt beim velofahren,/koerpersignale/hand-kribbelt-beim-velofahren/,Körpersignal-Seite (Welle 2) besitzt diesen Muster-Intent seit 09/2026,Duplikat innerhalb der Rubrik,Keiner
nacken knackt / knacken im nacken,/koerpersignale/nacken-knackt-beim-drehen/,Körpersignal-Seite besitzt diesen Muster-Intent seit 09/2026,Duplikat innerhalb der Rubrik,Keiner
knie knackt / knacken im knie ohne schmerzen,/koerpersignale/knie-knackt-ohne-schmerzen/,Körpersignal-Seite besitzt diesen Muster-Intent seit 09/2026,Duplikat innerhalb der Rubrik,Keiner
ohr knackt beim schlucken / gähnen,/koerpersignale/ohr-knackt-beim-schlucken/,Körpersignal-Seite besitzt diesen Muster-Intent seit 09/2026,Duplikat innerhalb der Rubrik,Keiner
trockener mund nachts / morgens,/koerpersignale/trockener-mund-nachts/,Körpersignal-Seite besitzt diesen Muster-Intent seit 09/2026,Duplikat innerhalb der Rubrik,Keiner
bitterer geschmack im mund (morgens),/koerpersignale/bitterer-geschmack-morgens/,Körpersignal-Seite besitzt diesen Muster-Intent seit 09/2026; Reflux-Krankheits-Intent bleibt bei /beschwerden/sodbrennen/,Kannibalisierung mit Sodbrennen-Owner,Keiner
schwere beine abends / müde beine am abend,/koerpersignale/schwere-beine-abends/,Körpersignal-Seite besitzt das Zeit-Muster seit 09/2026; Gefässerkrankungen bleiben bei /beschwerden/durchblutungsstoerungen/,Duplikat/Kannibalisierung im Venen-Cluster,Nur echte Krankheitsbilder (z.B. Veneninsuffizienz) nach GSC-Nachweis
brennende füsse / fusssohlen brennen nachts,/koerpersignale/brennende-fuesse-nachts/,Körpersignal-Seite besitzt das Nacht-Muster seit 09/2026; PNP-Krankheits-Intent bleibt bei /beschwerden/polyneuropathie/,Kannibalisierung mit Polyneuropathie-Owner,Belastungsmuster tagsüber (Plantarfasziitis-Kontext) separat prüfen
ein fuss kälter als der andere,/koerpersignale/ein-fuss-kaelter-als-der-andere/,Körpersignal-Seite besitzt diesen Muster-Intent seit 09/2026,Duplikat innerhalb der Rubrik; Raynaud/Durchblutung bleiben Krankheits-Owner,Keiner
rückenschmerzen beim stehen / nur im stehen,/koerpersignale/rueckenschmerzen-beim-langen-stehen/,Körpersignal-Seite besitzt das Stehen-Muster seit 09/2026; generischer Intent bleibt bei /beschwerden/rueckenschmerzen/,Rotation im Rücken-Cluster,Keiner
druck im kopf (ohne kopfschmerz),/koerpersignale/druck-im-kopf-ohne-kopfschmerzen/,Körpersignal-Seite besitzt das Druck-Muster seit 09/2026; Kopfschmerz-Intents bleiben bei den Beschwerdeseiten,Kannibalisierung im Kopfschmerz-Cluster,Keiner
vibrieren im körper,/koerpersignale/zittern-am-ganzen-koerper/,Bestehender Owner rankt bereits für diesen Intent (GSC),Zweite Zitter-/Vibrations-Seite splittet ein rankendes Keyword,Keiner
elektromyografie (eigene Seite),/gesundheitsbibliothek/untersuchungen/emg/,EMG-Seite besitzt EMG UND Elektromyografie,Synonym-Doublette,Keiner
li4 / hegu punkt (zweite Seite),/gesundheitsbibliothek/tcm-verstehen/meridiane-punkte/hegu/,"Hegu-Seite besitzt Hegu, LI4 und Hegu-Punkt",Synonym-Doublette; keine Massen-Punkt-Library starten,Weitere Einzelpunkte nur nach explizitem Auftrag
konzeptionsgefäss / konzeptionsgefäß,/gesundheitsbibliothek/tcm-verstehen/meridiane-punkte/ren-mai/,Ren-Mai-Seite besitzt beide Begriffe,Synonym-Doublette,Keiner
heiserkeit morgens / bei reflux / ohne halsschmerzen,/koerpersignale/heiserkeit-ohne-erkaeltung/,Varianten gehören in die bestehende Heiserkeit-Seite,Long-Tail-Splitting eines Symptom-Intents,Keiner
schwere beine durch venen,/beschwerden/venenschwaeche/,Venenschwäche-Seite deckt den venösen Aspekt; schwere-beine-abends bleibt Symptom-Owner,Dritte Seite im Beine-Cluster = Rotation,Keiner
calprotectin / stuhlkultur / parasiten / fit (einzelseiten),/gesundheitsbibliothek/untersuchungen/stuhlanalyse/,Stuhlanalyse ist übergeordneter Owner aller Stuhltests,Automatisches Aufsplitten in Test-Leaves,Einzeltest-Seite nur nach GSC-Nachweis und explizitem Auftrag
praxiswissen tcm jobs schweiz (/praxiswissen/tcm-jobs-schweiz/),/karriere/,Commercial Job-Owner ist /karriere/; Arbeitsmarkt-Analyse lebt editorial auf OUCH,Dritte Jobs-Seite splittet Commercial-Intent,Keiner
praxiswissen tcm ausbildung schweiz (/praxiswissen/tcm-ausbildung-schweiz/),/akademie/,Ausbildung/Weiterbildung gehört Akademie; Kostenkritik editorial auf OUCH (tcm-ausbildung-lohnt-sich),Zweiter Ausbildungs-Hub,Keiner
praxiswissen m7 mentorat (/praxiswissen/m7-mentorat/),/akademie/,M7 commercial/Anmeldung = Akademie; M7-Erklärung editorial auf OUCH (m7-mentorat-tcm),"M7-Kannibalisierung zwischen Akademie, OUCH und Praxiswissen",Keiner
tcm partner {stadt} / partner bern / partner luzern (öffentliche Stadt-Partnerseiten),/partner/,/partner/[city]/ sind PRIVATE noindex-Präsentationen; öffentlich nur /partner/ + /partner/modell/,Doorway-Inflation + Offenlegung interner Marktstrategie,Keiner
akupunkteur jobs (eigene Seite),/karriere/,Deckt /karriere/ als secondary keyword ab,Split des Job-Intents ohne Datenbasis,Nur bei klarer GSC-/Nachfrage-Evidenz und explizitem Auftrag
tcm karriere / tcm karriere schweiz (auf /partner/),/karriere/,"/partner/ ist seit 09/2026 Partnerschafts-Owner, nicht Karriere",Intent-Vermischung Anstellung vs. Unternehmertum,Keiner
tcm therapeut {stadt} / akupunkteur {stadt} (Verzeichnis-Stadtseiten),/verzeichnis/,Programmatische Stadt×Therapeut-Seiten = Doorways; Patienten-Lokalintent gehört /standorte/,"Doorway-Inflation, Konflikt mit Standortseiten",Keiner
{kanton} × {methode} Verzeichnisseiten,/verzeichnis/,"Filter sind noindex,follow; keine Kombinationsseiten",Unbegrenzte dünne URL-Menge,Nur explizit freigegebene redaktionelle Landingpage
jede Filter-/Suchkombination als eigene Seite,/verzeichnis/ /jobs/ /marktplatz/ /weiterbildungen/,"FILTER_ROBOTS = noindex,follow","Crawl-Budget, Thin Content",Keiner
gescrapte oder ungefragte Fachpersonen-Profile,/verzeichnis/,Nur Opt-in mit Einwilligung,"Datenschutz, Rechtsrisiko, Vertrauen",Keiner
leere Marktplatz-/Job-/Kurs-Inserate,/marktplatz/ /jobs/ /weiterbildungen/,"Nur echte, moderierte Einträge; Hubs noindex bis Mindestanzahl","Fake-Listings, Vertrauensverlust",Keiner
beste tcm therapeuten / top tcm kliniken (Rankings),/verzeichnis/,Keine Qualitätsrankings ohne transparente Methodik + Rechtsprüfung,"Irreführung, Recht",Keiner
"doppelte Kurs- oder Stellenseiten (gleicher Inhalt, mehrere Städte)",/jobs/ /weiterbildungen/,Ein Eintrag = eine kanonische URL (fingerprint()),Duplicate Content,Keiner
"zweite Commercial-Jobs-Seite (/stellen/, /tcm-jobs/)",/jobs/,/jobs/ wird einziger generischer Job-Owner (/karriere/ interim),Job-Intent-Splitting,Keiner
separate Mentoring-Service-Seite neben der Akademie,/akademie/,Akademie = TCM.ch-Service; /verzeichnis/mentoren/ = neutrale Suche,Kannibalisierung Service vs. Verzeichnis,Nur bei klar anderem Intent und Auftrag
"Kategorie-Unterseiten ohne Einträge (/verzeichnis/therapeuten/, /marktplatz/praxisverkauf/ …)",/verzeichnis/ /marktplatz/,"Kategorien als Anker im Hub, bis echte Einträge existieren",Thin Pages,Ab HUB_INDEX_MIN_ENTRIES echten Einträgen
"öffentliches Forum, Kommentare, Messaging, Bewertungen von Fachpersonen",/community/,"Phase 1 = Profile + Einreichungen + Matching + Beiträge, moderiert","Moderation, Fehlinformation, Diffamierung",Neubewertung nach nachgewiesener Nachfrage
/regulatorik/kantone/{kanton}/ (26 automatische Seiten),/regulatorik/kantone/ (planned),Ein Navigator statt 26 Seiten; nur verifizierte Daten,Thin/Unverifizierte Rechtsinfos,"Einzelkanton nur mit verifiziertem, eigenständigem Inhalt"
tcm lohn / akupunkteur lohn / naturheilpraktiker lohn (je eigene Seite),/branche/tcm-lohn-schweiz/ (planned),EIN konsolidierter Lohn-Owner nach Keyword-Research,Synonym-Splitting,Keiner
"reine Organisationsnamen-Seiten (EMR, ASCA, Verbände) nur für SEO",/branche/organisationen/ (planned) · /regulatorik/… (planned),Nur substanzielle Referenzseiten; sonst eine Vergleichsseite,Thin Pages,Nach Overlap-Review
"Praxiswissen-Einzelleaves pro Kostenposten / Marketingkanal (Google Ads, GBP, Reviews …)",/praxiswissen/tcm-praxis-kosten/ · /praxiswissen/patienten-gewinnen-tcm-praxis/,Grosse Owner zuerst; Split nur mit Nachfrage-Evidenz,Generischer Digital-Marketing-Spam,Nach GSC-Evidenz + Auftrag
"Interviewseiten ohne echtes, freigegebenes Interview",/branche/interviews/ (planned),"Keine erfundenen Zitate, keine Composite-Personas","Glaubwürdigkeit, Recht",Keiner
Benchmark-/Statistikseiten ohne Stichprobe & Methodik,/daten/ (planned),DatasetMeta Pflicht; interne Daten = TCM.ch-Netzwerkdaten,Irreführende Branchenzahlen,Keiner
akupunkteur-lohn-schweiz (eigene Seite),/branche/tcm-lohn-schweiz/,Ein Lohn-Owner für alle Synonyme,Synonym-Splitting,Keiner
naturheilpraktiker-tcm-lohn (eigene Seite),/branche/tcm-lohn-schweiz/,Ein Lohn-Owner für alle Synonyme,Synonym-Splitting,Keiner
emr-tcm / emr-akupunktur (separate Varianten),/regulatorik/emr/,Ein EMR-Owner,Kannibalisierung,Keiner
asca-tcm / asca-akupunktur (separate Varianten),/regulatorik/asca/,Ein ASCA-Owner,Kannibalisierung,Keiner
bab-zuerich / bab-thurgau / bab-basel (Thin Pages),/regulatorik/berufsausuebungsbewilligung/ → künftiger Kanton-Navigator,"Kantonsinfos gehören in den strukturierten Navigator, nicht in 26 SEO-Doorways","Doorways, unverifizierte Rechtsinfos",Navigator-Eintrag mit verifizierter Quelle
zsr-beantragen-tcm (separate Seite),/regulatorik/zsr/,ZSR-Owner deckt Antrag/Voraussetzungen ab,Duplicate,Keiner
m7-erklaerung (zweite Erklärseite),/regulatorik/oda-am/ (Erklärung) · /akademie/ (Angebot),"M7 erklärt OdA AM, M7-Angebot = Akademie",Duplicate,Keiner
tcm-praxis-nachfolge-{stadt} (Städteseiten),/partner/praxisnachfolge/,Ein Nachfolge-Owner,Doorways,Keiner
tcm-praxis-verkaufen-zuerich/-bern/… (Städteseiten),/praxiswissen/tcm-praxis-verkaufen/,Ein Verkaufen-Owner,Doorways,Keiner
tcm-praxis-uebernehmen-{stadt} (Städteseiten),/praxiswissen/tcm-praxis-uebernehmen/,Ein Übernehmen-Owner,Doorways,Keiner
/regulatorik/emr-schweiz/,/regulatorik/emr/,Synonym-Leaf; Owner deckt Intent ab,Kannibalisierung / Thin Content,Keiner
/regulatorik/emr-tcm/,/regulatorik/emr/,Synonym-Leaf; Owner deckt Intent ab,Kannibalisierung / Thin Content,Keiner
/regulatorik/asca-tcm/,/regulatorik/asca/,Synonym-Leaf; Owner deckt Intent ab,Kannibalisierung / Thin Content,Keiner
/regulatorik/zsr-tcm/,/regulatorik/zsr/,Synonym-Leaf; Owner deckt Intent ab,Kannibalisierung / Thin Content,Keiner
/regulatorik/zsr-beantragen/,/regulatorik/zsr/,Synonym-Leaf; Owner deckt Intent ab,Kannibalisierung / Thin Content,Keiner
/regulatorik/gln/,/regulatorik/gln-zsr-nareg/,Synonym-Leaf; Owner deckt Intent ab,Kannibalisierung / Thin Content,Keiner
/regulatorik/nareg/,/regulatorik/gln-zsr-nareg/,Synonym-Leaf; Owner deckt Intent ab,Kannibalisierung / Thin Content,Keiner
/regulatorik/oda-am-m7/,/regulatorik/oda-am/,Synonym-Leaf; Owner deckt Intent ab,Kannibalisierung / Thin Content,Keiner
/regulatorik/tarif-590-tcm/,/regulatorik/tarif-590/,Synonym-Leaf; Owner deckt Intent ab,Kannibalisierung / Thin Content,Keiner
/regulatorik/krankenkasse-emr/,/regulatorik/emr/,Synonym-Leaf; Owner deckt Intent ab,Kannibalisierung / Thin Content,Keiner
/regulatorik/krankenkasse-asca/,/regulatorik/asca/,Synonym-Leaf; Owner deckt Intent ab,Kannibalisierung / Thin Content,Keiner
"/regulatorik/bab-[kanton]/ (alle 26, z. B. bab-zuerich, bab-thurgau, bab-basel, bab-bern)",/regulatorik/kantone/,Kantonsdaten gehören in den Navigator,"Doorways, unverifizierte Rechtsinfos",Navigator-Datensatz mit kantonaler Primärquelle
/regulatorik/egk-anerkennung/ · /regulatorik/visana-anerkennung/,/regulatorik/krankenkassen-anerkennung/,"Vorerst Abschnitte; eigene URL erst bei klarer GSC-Nachfrage (visana therapeuten anerkennung, egk therapeut registrieren)","Fragmentierung, Thin Content",Nach GSC-Review
/praxiswissen/praxiswert/,/praxiswissen/tcm-praxis-wert/,Synonym-Leaf; Owner deckt Intent ab,Kannibalisierung / Thin Content,Keiner
/praxiswissen/naturheilpraxis-wert/,/praxiswissen/tcm-praxis-wert/,Synonym-Leaf; Owner deckt Intent ab,Kannibalisierung / Thin Content,Keiner
/praxiswissen/zweiten-therapeuten-einstellen/,/praxiswissen/tcm-praxis-team-aufbauen/,Synonym-Leaf; Owner deckt Intent ab,Kannibalisierung / Thin Content,Keiner
/praxiswissen/praxis-team/,/praxiswissen/tcm-praxis-team-aufbauen/,Synonym-Leaf; Owner deckt Intent ab,Kannibalisierung / Thin Content,Keiner
/praxiswissen/zweiter-standort/,/praxiswissen/tcm-praxis-erweitern/,Synonym-Leaf; Owner deckt Intent ab,Kannibalisierung / Thin Content,Keiner
/praxiswissen/tcm-praxis-software/,/praxiswissen/tcm-praxis-administration/,Synonym-Leaf; Owner deckt Intent ab,Kannibalisierung / Thin Content,Keiner
/praxiswissen/no-show-tcm/,/praxiswissen/tcm-praxis-administration/,Synonym-Leaf; Owner deckt Intent ab,Kannibalisierung / Thin Content,Keiner
/branche/tcm-ausland/,/branche/tcm-international-schweiz/,Synonym-Leaf; Owner deckt Intent ab,Kannibalisierung / Thin Content,Keiner
/branche/auslaendischer-tcm-therapeut/,/branche/tcm-international-schweiz/,Synonym-Leaf; Owner deckt Intent ab,Kannibalisierung / Thin Content,Keiner
/branche/emr-vs-asca/,/branche/organisationen/ · /regulatorik/krankenkassen-anerkennung/,Synonym-Leaf; Owner deckt Intent ab,Kannibalisierung / Thin Content,Keiner
/branche/tcm-fachverband/,/branche/organisationen/,Synonym-Leaf; Owner deckt Intent ab,Kannibalisierung / Thin Content,Keiner
/branche/oda-am/,/regulatorik/oda-am/ · /branche/organisationen/,Synonym-Leaf; Owner deckt Intent ab,Kannibalisierung / Thin Content,Keiner
