gsc_status,zuletzt_gecrawlt,url,host,http_heute,kette,ziel_url,self_canonical,noindex,in_sitemap,veroeffentlicht,seitentyp,woerter_gesamt,eigene_woerter,sektion_median_eigene,interne_links_content,links_von_taeglich_gecrawlten,klicktiefe,owner_status,kategorie,prioritaet,begruendung,massnahme,befund
Gefunden – zurzeit nicht indexiert,nie,https://tcm.ch/beschwerden/schilddruesenunterfunktion/,tcm.ch,200,200,,True,nein,True,,condition,1109,470,821,7,3,2,PRIMARY_OWNER,A,P1,"Neu (29.09.), nie gecrawlt. Beschwerden-Leaf mit Standort-Funnel, 470 eigene Wörter (≈ unteres Quartil der Sektion), 7 Content-Links, davon 3 von täglich gecrawlten Seiten. Nicht in der Repo-Queue seo/index-queue.md.","In index-queue.md (oben) aufnehmen und Indexierung beantragen; 2–3 Kontextlinks von thematisch nahen, indexierten Beschwerden-Leaves.",bestätigt
Gefunden – zurzeit nicht indexiert,nie,https://tcm.ch/beschwerden/venenschwaeche/,tcm.ch,200,200,,True,nein,True,,condition,1119,479,821,3,0,2,PRIMARY_OWNER,A,P1,"Neu (29.09.), nie gecrawlt. Beschwerden-Leaf mit Standort-Funnel, 479 eigene Wörter (≈ unteres Quartil der Sektion), 3 Content-Links, davon 0 von täglich gecrawlten Seiten. Nicht in der Repo-Queue seo/index-queue.md.","In index-queue.md (oben) aufnehmen und Indexierung beantragen; 2–3 Kontextlinks von thematisch nahen, indexierten Beschwerden-Leaves.",bestätigt
Gefunden – zurzeit nicht indexiert,nie,https://tcm.ch/gesundheitsbibliothek/fragen/angst-vor-akupunktur-nadeln/,tcm.ch,200,200,,True,nein,True,2026-09-11,question,483,278,307,5,0,2,PRIMARY_OWNER,A,P2,"Neu (11.09.), seit 4 Wochen nie gecrawlt. Konversionsnahe Vor-Behandlungs-Frage, 278 eigene Wörter (Median 307), 5 Content-Links, 0 von täglich gecrawlten Seiten. Nicht in der Repo-Queue. Konkurrenz: ouch.tcm.ch/insights/nadelphobie/ (gleiche Intention).","In Index-Queue aufnehmen; Link aus FAQ/Ablauf-Abschnitt der Standortseiten bzw. /therapien/akupunktur/ (dort bisher nur angst-vor-nadeln, wie-oft).",bestätigt
Gefunden – zurzeit nicht indexiert,nie,https://tcm.ch/gesundheitsbibliothek/fragen/schroepfen-nebenwirkungen/,tcm.ch,200,200,,True,nein,True,2026-09-11,question,441,233,307,5,0,2,PRIMARY_OWNER,A,P2,"Neu (11.09.), seit 4 Wochen nie gecrawlt. Konversionsnahe Vor-Behandlungs-Frage, 233 eigene Wörter (Median 307), 5 Content-Links, 0 von täglich gecrawlten Seiten. Nicht in der Repo-Queue.","In Index-Queue aufnehmen; Link aus FAQ/Ablauf-Abschnitt der Standortseiten bzw. /therapien/akupunktur/ (dort bisher nur angst-vor-nadeln, wie-oft).",bestätigt
Gefunden – zurzeit nicht indexiert,nie,https://tcm.ch/gesundheitsbibliothek/fragen/tut-schroepfen-weh/,tcm.ch,200,200,,True,nein,True,2026-09-11,question,424,224,307,5,0,2,PRIMARY_OWNER,A,P2,"Neu (11.09.), seit 4 Wochen nie gecrawlt. Konversionsnahe Vor-Behandlungs-Frage, 224 eigene Wörter (Median 307), 5 Content-Links, 0 von täglich gecrawlten Seiten. Nicht in der Repo-Queue.","In Index-Queue aufnehmen; Link aus FAQ/Ablauf-Abschnitt der Standortseiten bzw. /therapien/akupunktur/ (dort bisher nur angst-vor-nadeln, wie-oft).",bestätigt
Gefunden – zurzeit nicht indexiert,nie,https://tcm.ch/gesundheitsbibliothek/fragen/ueberweisung-akupunktur/,tcm.ch,200,200,,True,nein,True,2026-09-11,question,443,237,307,3,0,2,PRIMARY_OWNER,A,P2,"Neu (11.09.), seit 4 Wochen nie gecrawlt. Konversionsnahe Vor-Behandlungs-Frage, 237 eigene Wörter (Median 307), 3 Content-Links, 0 von täglich gecrawlten Seiten. Nicht in der Repo-Queue.","In Index-Queue aufnehmen; Link aus FAQ/Ablauf-Abschnitt der Standortseiten bzw. /therapien/akupunktur/ (dort bisher nur angst-vor-nadeln, wie-oft).",bestätigt
Gefunden – zurzeit nicht indexiert,nie,https://tcm.ch/gesundheitsbibliothek/fragen/wann-wirkt-akupunktur/,tcm.ch,200,200,,True,nein,True,2026-09-11,question,488,278,307,4,0,2,PRIMARY_OWNER,A,P2,"Neu (11.09.), seit 4 Wochen nie gecrawlt. Konversionsnahe Vor-Behandlungs-Frage, 278 eigene Wörter (Median 307), 4 Content-Links, 0 von täglich gecrawlten Seiten. Nicht in der Repo-Queue.","In Index-Queue aufnehmen; Link aus FAQ/Ablauf-Abschnitt der Standortseiten bzw. /therapien/akupunktur/ (dort bisher nur angst-vor-nadeln, wie-oft).",bestätigt
Gefunden – zurzeit nicht indexiert,nie,https://tcm.ch/gesundheitsbibliothek/fragen/wie-lange-dauert-akupunktur/,tcm.ch,200,200,,True,nein,True,2026-09-11,question,447,232,307,3,0,2,PRIMARY_OWNER,A,P2,"Neu (11.09.), seit 4 Wochen nie gecrawlt. Konversionsnahe Vor-Behandlungs-Frage, 232 eigene Wörter (Median 307), 3 Content-Links, 0 von täglich gecrawlten Seiten. Nicht in der Repo-Queue.","In Index-Queue aufnehmen; Link aus FAQ/Ablauf-Abschnitt der Standortseiten bzw. /therapien/akupunktur/ (dort bisher nur angst-vor-nadeln, wie-oft).",bestätigt
Gefunden – zurzeit nicht indexiert,nie,https://tcm.ch/gesundheitsbibliothek/fragen/wie-oft-akupunktur/,tcm.ch,200,200,,True,nein,True,2026-09-11,question,469,259,307,7,0,2,PRIMARY_OWNER,A,P2,"Neu (11.09.), seit 4 Wochen nie gecrawlt. Konversionsnahe Vor-Behandlungs-Frage, 259 eigene Wörter (Median 307), 7 Content-Links, 0 von täglich gecrawlten Seiten. Nicht in der Repo-Queue.","In Index-Queue aufnehmen; Link aus FAQ/Ablauf-Abschnitt der Standortseiten bzw. /therapien/akupunktur/ (dort bisher nur angst-vor-nadeln, wie-oft).",bestätigt
Gefunden – zurzeit nicht indexiert,nie,https://tcm.ch/regulatorik/kantone/,tcm.ch,200,200,,True,nein,True,,/regulatorik/,2431,2246,469,17,0,2,PRIMARY_OWNER,A,P2,"B2B-Owner (PRIMARY_OWNER), sehr starke Substanz (2246 eigene Wörter, 17 Content-Links), aber 0 von täglich gecrawlten Seiten; nicht in Index-Queue.",In index-queue.md aufnehmen und Indexierung beantragen. Keine Patienten-Seiten darauf verlinken (B2B-Trennung).,bestätigt
Gecrawlt – zurzeit nicht indexiert,2026-10-05,https://tcm.ch/beschwerden/adenomyose/,tcm.ch,200,200,,True,nein,True,,condition,1070,431,821,3,2,2,PRIMARY_OWNER,C,P1,"Neu (Cohort 20, 04.10.), gecrawlt 2026-10-05, nicht indexiert. Nur 431 eigene Wörter (Median /beschwerden/ 821), ~60 % Template-Text (CTA-, Kosten- 2×, Regional-, Concierge-Blöcke); kein Quellenblock; 2 Links von täglich gecrawlten Seiten. Gyn/Kinderwunsch-Umfeld, kommerziell relevant; meiste eigene Substanz der Kohorte.","Inhalt verbessern (zur Freigabe, nicht automatisch): eigenen klinischen Kern auf ≥500 eigene Wörter (Abklärung/Differenzialdiagnose, spezifische Red Flags, Evidenzlage mit Quellen), medizinisch prüfen lassen, 2–3 Kontextlinks von verwandten indexierten Leaves; danach erneut Indexierung beantragen.","bestätigt (Messwerte); Hypothese (Qualitätsschwelle als Ursache, Seite erst 6 Tage alt)"
Gecrawlt – zurzeit nicht indexiert,2026-10-05,https://tcm.ch/beschwerden/funktionelle-dyspepsie/,tcm.ch,200,200,,True,nein,True,,condition,896,258,821,5,2,2,PRIMARY_OWNER,C,P1,"Neu (Cohort 20, 04.10.), gecrawlt 2026-10-05, nicht indexiert. Nur 258 eigene Wörter (Median /beschwerden/ 821), ~71 % Template-Text (CTA-, Kosten- 2×, Regional-, Concierge-Blöcke); kein Quellenblock; 2 Links von täglich gecrawlten Seiten. Hoher TCM-Fit (Reizmagen), klare Begleitrolle möglich.","Inhalt verbessern (zur Freigabe, nicht automatisch): eigenen klinischen Kern auf ≥500 eigene Wörter (Abklärung/Differenzialdiagnose, spezifische Red Flags, Evidenzlage mit Quellen), medizinisch prüfen lassen, 2–3 Kontextlinks von verwandten indexierten Leaves; danach erneut Indexierung beantragen.","bestätigt (Messwerte); Hypothese (Qualitätsschwelle als Ursache, Seite erst 6 Tage alt)"
Gecrawlt – zurzeit nicht indexiert,2026-10-05,https://tcm.ch/beschwerden/dyspareunie/,tcm.ch,200,200,,True,nein,True,,condition,874,235,821,4,3,2,PRIMARY_OWNER,C,P2,"Neu (Cohort 20, 04.10.), gecrawlt 2026-10-05, nicht indexiert. Nur 235 eigene Wörter (Median /beschwerden/ 821), ~73 % Template-Text (CTA-, Kosten- 2×, Regional-, Concierge-Blöcke); kein Quellenblock; 3 Links von täglich gecrawlten Seiten. Siehe Vulvodynie: Dreier-Cluster gegeneinander differenzieren.","Inhalt verbessern (zur Freigabe, nicht automatisch): eigenen klinischen Kern auf ≥500 eigene Wörter (Abklärung/Differenzialdiagnose, spezifische Red Flags, Evidenzlage mit Quellen), medizinisch prüfen lassen, 2–3 Kontextlinks von verwandten indexierten Leaves; danach erneut Indexierung beantragen.","bestätigt (Messwerte); Hypothese (Qualitätsschwelle als Ursache, Seite erst 6 Tage alt)"
Gecrawlt – zurzeit nicht indexiert,2026-10-06,https://tcm.ch/beschwerden/interstitielle-zystitis/,tcm.ch,200,200,,True,nein,True,,condition,861,221,821,2,1,2,PRIMARY_OWNER,C,P2,"Neu (Cohort 20, 04.10.), gecrawlt 2026-10-06, nicht indexiert. Nur 221 eigene Wörter (Median /beschwerden/ 821), ~74 % Template-Text (CTA-, Kosten- 2×, Regional-, Concierge-Blöcke); kein Quellenblock; 1 Links von täglich gecrawlten Seiten. Abgrenzung zu /beschwerden/reizblase/ schärfen (verlinkt bereits).","Inhalt verbessern (zur Freigabe, nicht automatisch): eigenen klinischen Kern auf ≥500 eigene Wörter (Abklärung/Differenzialdiagnose, spezifische Red Flags, Evidenzlage mit Quellen), medizinisch prüfen lassen, 2–3 Kontextlinks von verwandten indexierten Leaves; danach erneut Indexierung beantragen.","bestätigt (Messwerte); Hypothese (Qualitätsschwelle als Ursache, Seite erst 6 Tage alt)"
Gecrawlt – zurzeit nicht indexiert,2026-10-05,https://tcm.ch/beschwerden/vaginismus/,tcm.ch,200,200,,True,nein,True,,condition,847,207,821,3,2,2,PRIMARY_OWNER,C,P2,"Neu (Cohort 20, 04.10.), gecrawlt 2026-10-05, nicht indexiert. Nur 207 eigene Wörter (Median /beschwerden/ 821), ~76 % Template-Text (CTA-, Kosten- 2×, Regional-, Concierge-Blöcke); kein Quellenblock; 2 Links von täglich gecrawlten Seiten. Siehe Vulvodynie: Dreier-Cluster gegeneinander differenzieren.","Inhalt verbessern (zur Freigabe, nicht automatisch): eigenen klinischen Kern auf ≥500 eigene Wörter (Abklärung/Differenzialdiagnose, spezifische Red Flags, Evidenzlage mit Quellen), medizinisch prüfen lassen, 2–3 Kontextlinks von verwandten indexierten Leaves; danach erneut Indexierung beantragen.","bestätigt (Messwerte); Hypothese (Qualitätsschwelle als Ursache, Seite erst 6 Tage alt)"
Gecrawlt – zurzeit nicht indexiert,2026-10-05,https://tcm.ch/beschwerden/vulvodynie/,tcm.ch,200,200,,True,nein,True,,condition,851,211,821,4,3,2,PRIMARY_OWNER,C,P2,"Neu (Cohort 20, 04.10.), gecrawlt 2026-10-05, nicht indexiert. Nur 211 eigene Wörter (Median /beschwerden/ 821), ~75 % Template-Text (CTA-, Kosten- 2×, Regional-, Concierge-Blöcke); kein Quellenblock; 3 Links von täglich gecrawlten Seiten. Vulvodynie/Vaginismus/Dyspareunie teilen ~60 % Text untereinander; je eigenen klinischen Kern ausarbeiten.","Inhalt verbessern (zur Freigabe, nicht automatisch): eigenen klinischen Kern auf ≥500 eigene Wörter (Abklärung/Differenzialdiagnose, spezifische Red Flags, Evidenzlage mit Quellen), medizinisch prüfen lassen, 2–3 Kontextlinks von verwandten indexierten Leaves; danach erneut Indexierung beantragen.","bestätigt (Messwerte); Hypothese (Qualitätsschwelle als Ursache, Seite erst 6 Tage alt)"
Gecrawlt – zurzeit nicht indexiert,2026-10-05,https://tcm.ch/beschwerden/costochondritis/,tcm.ch,200,200,,True,nein,True,,condition,946,306,821,2,0,2,PRIMARY_OWNER,C,P3,"Neu (Cohort 20, 04.10.), gecrawlt 2026-10-05, nicht indexiert. Nur 306 eigene Wörter (Median /beschwerden/ 821), ~68 % Template-Text (CTA-, Kosten- 2×, Regional-, Concierge-Blöcke); kein Quellenblock; 0 Links von täglich gecrawlten Seiten. YMYL: Brustschmerz zwingend kardial abgrenzen (Red Flags spezifisch statt generisch).","Inhalt verbessern (zur Freigabe, nicht automatisch): eigenen klinischen Kern auf ≥500 eigene Wörter (Abklärung/Differenzialdiagnose, spezifische Red Flags, Evidenzlage mit Quellen), medizinisch prüfen lassen, 2–3 Kontextlinks von verwandten indexierten Leaves; danach erneut Indexierung beantragen.","bestätigt (Messwerte); Hypothese (Qualitätsschwelle als Ursache, Seite erst 6 Tage alt)"
Gecrawlt – zurzeit nicht indexiert,2026-10-05,https://tcm.ch/beschwerden/divertikulitis/,tcm.ch,200,200,,True,nein,True,,condition,894,254,821,1,0,2,PRIMARY_OWNER,C,P3,"Neu (Cohort 20, 04.10.), gecrawlt 2026-10-05, nicht indexiert. Nur 254 eigene Wörter (Median /beschwerden/ 821), ~72 % Template-Text (CTA-, Kosten- 2×, Regional-, Concierge-Blöcke); kein Quellenblock; 0 Links von täglich gecrawlten Seiten. YMYL: akute Komplikationen (Fieber, Peritonitis) prominent; TCM nur im Intervall.","Inhalt verbessern (zur Freigabe, nicht automatisch): eigenen klinischen Kern auf ≥500 eigene Wörter (Abklärung/Differenzialdiagnose, spezifische Red Flags, Evidenzlage mit Quellen), medizinisch prüfen lassen, 2–3 Kontextlinks von verwandten indexierten Leaves; danach erneut Indexierung beantragen.","bestätigt (Messwerte); Hypothese (Qualitätsschwelle als Ursache, Seite erst 6 Tage alt)"
Gecrawlt – zurzeit nicht indexiert,2026-10-05,https://tcm.ch/beschwerden/gastroparese/,tcm.ch,200,200,,True,nein,True,,condition,859,219,821,1,0,2,PRIMARY_OWNER,C,P3,"Neu (Cohort 20, 04.10.), gecrawlt 2026-10-05, nicht indexiert. Nur 219 eigene Wörter (Median /beschwerden/ 821), ~75 % Template-Text (CTA-, Kosten- 2×, Regional-, Concierge-Blöcke); kein Quellenblock; 0 Links von täglich gecrawlten Seiten. YMYL: Diabetes-/Medikamenten-Ursachen und ärztliche Führung betonen.","Inhalt verbessern (zur Freigabe, nicht automatisch): eigenen klinischen Kern auf ≥500 eigene Wörter (Abklärung/Differenzialdiagnose, spezifische Red Flags, Evidenzlage mit Quellen), medizinisch prüfen lassen, 2–3 Kontextlinks von verwandten indexierten Leaves; danach erneut Indexierung beantragen.","bestätigt (Messwerte); Hypothese (Qualitätsschwelle als Ursache, Seite erst 6 Tage alt)"
Gecrawlt – zurzeit nicht indexiert,2026-10-05,https://tcm.ch/beschwerden/zoeliakie/,tcm.ch,200,200,,True,nein,True,,condition,883,243,821,2,0,2,PRIMARY_OWNER,C,P3,"Neu (Cohort 20, 04.10.), gecrawlt 2026-10-05, nicht indexiert. Nur 243 eigene Wörter (Median /beschwerden/ 821), ~72 % Template-Text (CTA-, Kosten- 2×, Regional-, Concierge-Blöcke); kein Quellenblock; 0 Links von täglich gecrawlten Seiten. YMYL: Zöliakie ist nur glutenfrei behandelbar; TCM-Rolle strikt auf Begleitsymptome begrenzen, sonst Heilversprechen-Risiko.","Inhalt verbessern (zur Freigabe, nicht automatisch): eigenen klinischen Kern auf ≥500 eigene Wörter (Abklärung/Differenzialdiagnose, spezifische Red Flags, Evidenzlage mit Quellen), medizinisch prüfen lassen, 2–3 Kontextlinks von verwandten indexierten Leaves; danach erneut Indexierung beantragen.","bestätigt (Messwerte); Hypothese (Qualitätsschwelle als Ursache, Seite erst 6 Tage alt)"
Gefunden – zurzeit nicht indexiert,nie,https://tcm.ch/gesundheitsbibliothek/befunde-werte/alkalische-phosphatase-erhoeht/,tcm.ch,200,200,,True,nein,True,2026-09-24,befund,619,352,360,2,0,3,PRIMARY_OWNER,C,P3,"Neu (24.09.), nie gecrawlt. YMYL (Laborwert). 352 eigene Wörter (Median 360), Klicktiefe 3, 0 Links von täglich gecrawlten Seiten, kein Quellenblock. Nicht in der Repo-Queue.","Vor Indexierungsantrag YMYL härten: Quellen (Referenzbereiche, Fachgesellschaft) + fachliche Prüfung ergänzen (zur Freigabe); danach Queue + 1 Kontextlink von passendem Beschwerden-Leaf.",bestätigt (Messwerte); Hypothese (YMYL-Signale beeinflussen Crawl-Priorität)
Gefunden – zurzeit nicht indexiert,nie,https://tcm.ch/gesundheitsbibliothek/befunde-werte/amylase-erhoeht/,tcm.ch,200,200,,True,nein,True,2026-09-24,befund,586,326,360,2,0,3,PRIMARY_OWNER,C,P3,"Neu (24.09.), nie gecrawlt. YMYL (Laborwert). 326 eigene Wörter (Median 360), Klicktiefe 3, 0 Links von täglich gecrawlten Seiten, kein Quellenblock. Nicht in der Repo-Queue.","Vor Indexierungsantrag YMYL härten: Quellen (Referenzbereiche, Fachgesellschaft) + fachliche Prüfung ergänzen (zur Freigabe); danach Queue + 1 Kontextlink von passendem Beschwerden-Leaf.",bestätigt (Messwerte); Hypothese (YMYL-Signale beeinflussen Crawl-Priorität)
Gefunden – zurzeit nicht indexiert,nie,https://tcm.ch/gesundheitsbibliothek/befunde-werte/basophile-erhoeht/,tcm.ch,200,200,,True,nein,True,2026-09-24,befund,556,313,360,3,0,3,PRIMARY_OWNER,C,P3,"Neu (24.09.), nie gecrawlt. YMYL (Laborwert). 313 eigene Wörter (Median 360), Klicktiefe 3, 0 Links von täglich gecrawlten Seiten, kein Quellenblock. Nicht in der Repo-Queue.","Vor Indexierungsantrag YMYL härten: Quellen (Referenzbereiche, Fachgesellschaft) + fachliche Prüfung ergänzen (zur Freigabe); danach Queue + 1 Kontextlink von passendem Beschwerden-Leaf.",bestätigt (Messwerte); Hypothese (YMYL-Signale beeinflussen Crawl-Priorität)
Gefunden – zurzeit nicht indexiert,nie,https://tcm.ch/gesundheitsbibliothek/befunde-werte/bilirubin-erhoeht/,tcm.ch,200,200,,True,nein,True,2026-09-23,befund,668,409,360,5,1,3,PRIMARY_OWNER,C,P3,"Neu (23.09.), nie gecrawlt. YMYL (Laborwert). 409 eigene Wörter (Median 360), Klicktiefe 3, 0 Links von täglich gecrawlten Seiten, kein Quellenblock. Nicht in der Repo-Queue.","Vor Indexierungsantrag YMYL härten: Quellen (Referenzbereiche, Fachgesellschaft) + fachliche Prüfung ergänzen (zur Freigabe); danach Queue + 1 Kontextlink von passendem Beschwerden-Leaf.",bestätigt (Messwerte); Hypothese (YMYL-Signale beeinflussen Crawl-Priorität)
Gefunden – zurzeit nicht indexiert,nie,https://tcm.ch/gesundheitsbibliothek/befunde-werte/calcium-zu-hoch/,tcm.ch,200,200,,True,nein,True,2026-09-24,befund,587,318,360,2,0,3,PRIMARY_OWNER,C,P3,"Neu (24.09.), nie gecrawlt. YMYL (Laborwert). 318 eigene Wörter (Median 360), Klicktiefe 3, 0 Links von täglich gecrawlten Seiten, kein Quellenblock. Nicht in der Repo-Queue.","Vor Indexierungsantrag YMYL härten: Quellen (Referenzbereiche, Fachgesellschaft) + fachliche Prüfung ergänzen (zur Freigabe); danach Queue + 1 Kontextlink von passendem Beschwerden-Leaf.",bestätigt (Messwerte); Hypothese (YMYL-Signale beeinflussen Crawl-Priorität)
Gefunden – zurzeit nicht indexiert,nie,https://tcm.ch/gesundheitsbibliothek/befunde-werte/eosinophile-erhoeht/,tcm.ch,200,200,,True,nein,True,2026-09-24,befund,602,356,360,5,0,3,PRIMARY_OWNER,C,P3,"Neu (24.09.), nie gecrawlt. YMYL (Laborwert). 356 eigene Wörter (Median 360), Klicktiefe 3, 0 Links von täglich gecrawlten Seiten, kein Quellenblock. Nicht in der Repo-Queue.","Vor Indexierungsantrag YMYL härten: Quellen (Referenzbereiche, Fachgesellschaft) + fachliche Prüfung ergänzen (zur Freigabe); danach Queue + 1 Kontextlink von passendem Beschwerden-Leaf.",bestätigt (Messwerte); Hypothese (YMYL-Signale beeinflussen Crawl-Priorität)
Gefunden – zurzeit nicht indexiert,nie,https://tcm.ch/gesundheitsbibliothek/befunde-werte/ferritin-erhoeht/,tcm.ch,200,200,,True,nein,True,2026-09-24,befund,639,382,360,2,0,3,PRIMARY_OWNER,C,P3,"Neu (24.09.), nie gecrawlt. YMYL (Laborwert). 382 eigene Wörter (Median 360), Klicktiefe 3, 0 Links von täglich gecrawlten Seiten, kein Quellenblock. Nicht in der Repo-Queue.","Vor Indexierungsantrag YMYL härten: Quellen (Referenzbereiche, Fachgesellschaft) + fachliche Prüfung ergänzen (zur Freigabe); danach Queue + 1 Kontextlink von passendem Beschwerden-Leaf.",bestätigt (Messwerte); Hypothese (YMYL-Signale beeinflussen Crawl-Priorität)
Gefunden – zurzeit nicht indexiert,nie,https://tcm.ch/gesundheitsbibliothek/befunde-werte/gamma-gt-erhoeht/,tcm.ch,200,200,,True,nein,True,2026-09-23,befund,657,401,360,5,0,3,PRIMARY_OWNER,C,P3,"Neu (23.09.), nie gecrawlt. YMYL (Laborwert). 401 eigene Wörter (Median 360), Klicktiefe 3, 0 Links von täglich gecrawlten Seiten, kein Quellenblock. Nicht in der Repo-Queue.","Vor Indexierungsantrag YMYL härten: Quellen (Referenzbereiche, Fachgesellschaft) + fachliche Prüfung ergänzen (zur Freigabe); danach Queue + 1 Kontextlink von passendem Beschwerden-Leaf.",bestätigt (Messwerte); Hypothese (YMYL-Signale beeinflussen Crawl-Priorität)
Gefunden – zurzeit nicht indexiert,nie,https://tcm.ch/gesundheitsbibliothek/befunde-werte/got-ast-erhoeht/,tcm.ch,200,200,,True,nein,True,2026-09-24,befund,650,376,360,5,0,3,PRIMARY_OWNER,C,P3,"Neu (24.09.), nie gecrawlt. YMYL (Laborwert). 376 eigene Wörter (Median 360), Klicktiefe 3, 0 Links von täglich gecrawlten Seiten, kein Quellenblock. Nicht in der Repo-Queue.","Vor Indexierungsantrag YMYL härten: Quellen (Referenzbereiche, Fachgesellschaft) + fachliche Prüfung ergänzen (zur Freigabe); danach Queue + 1 Kontextlink von passendem Beschwerden-Leaf.",bestätigt (Messwerte); Hypothese (YMYL-Signale beeinflussen Crawl-Priorität)
Gefunden – zurzeit nicht indexiert,nie,https://tcm.ch/gesundheitsbibliothek/befunde-werte/gpt-alt-erhoeht/,tcm.ch,200,200,,True,nein,True,2026-09-24,befund,640,365,360,3,0,3,PRIMARY_OWNER,C,P3,"Neu (24.09.), nie gecrawlt. YMYL (Laborwert). 365 eigene Wörter (Median 360), Klicktiefe 3, 0 Links von täglich gecrawlten Seiten, kein Quellenblock. Nicht in der Repo-Queue.","Vor Indexierungsantrag YMYL härten: Quellen (Referenzbereiche, Fachgesellschaft) + fachliche Prüfung ergänzen (zur Freigabe); danach Queue + 1 Kontextlink von passendem Beschwerden-Leaf.",bestätigt (Messwerte); Hypothese (YMYL-Signale beeinflussen Crawl-Priorität)
Gefunden – zurzeit nicht indexiert,nie,https://tcm.ch/gesundheitsbibliothek/befunde-werte/haemoglobin-zu-hoch/,tcm.ch,200,200,,True,nein,True,2026-09-24,befund,618,355,360,5,0,3,PRIMARY_OWNER,C,P3,"Neu (24.09.), nie gecrawlt. YMYL (Laborwert). 355 eigene Wörter (Median 360), Klicktiefe 3, 0 Links von täglich gecrawlten Seiten, kein Quellenblock. Nicht in der Repo-Queue.","Vor Indexierungsantrag YMYL härten: Quellen (Referenzbereiche, Fachgesellschaft) + fachliche Prüfung ergänzen (zur Freigabe); danach Queue + 1 Kontextlink von passendem Beschwerden-Leaf.",bestätigt (Messwerte); Hypothese (YMYL-Signale beeinflussen Crawl-Priorität)
Gefunden – zurzeit nicht indexiert,nie,https://tcm.ch/gesundheitsbibliothek/befunde-werte/haemoglobin-zu-niedrig/,tcm.ch,200,200,,True,nein,True,2026-09-24,befund,678,407,360,11,0,3,PRIMARY_OWNER,C,P3,"Neu (24.09.), nie gecrawlt. YMYL (Laborwert). 407 eigene Wörter (Median 360), Klicktiefe 3, 0 Links von täglich gecrawlten Seiten, kein Quellenblock. Nicht in der Repo-Queue.","Vor Indexierungsantrag YMYL härten: Quellen (Referenzbereiche, Fachgesellschaft) + fachliche Prüfung ergänzen (zur Freigabe); danach Queue + 1 Kontextlink von passendem Beschwerden-Leaf.",bestätigt (Messwerte); Hypothese (YMYL-Signale beeinflussen Crawl-Priorität)
Gefunden – zurzeit nicht indexiert,nie,https://tcm.ch/gesundheitsbibliothek/befunde-werte/harnsaeure-erhoeht/,tcm.ch,200,200,,True,nein,True,2026-09-24,befund,672,426,360,3,1,3,PRIMARY_OWNER,C,P3,"Neu (24.09.), nie gecrawlt. YMYL (Laborwert). 426 eigene Wörter (Median 360), Klicktiefe 3, 0 Links von täglich gecrawlten Seiten, kein Quellenblock. Nicht in der Repo-Queue.","Vor Indexierungsantrag YMYL härten: Quellen (Referenzbereiche, Fachgesellschaft) + fachliche Prüfung ergänzen (zur Freigabe); danach Queue + 1 Kontextlink von passendem Beschwerden-Leaf.",bestätigt (Messwerte); Hypothese (YMYL-Signale beeinflussen Crawl-Priorität)
Gefunden – zurzeit nicht indexiert,nie,https://tcm.ch/gesundheitsbibliothek/befunde-werte/kalium-zu-hoch/,tcm.ch,200,200,,True,nein,True,2026-09-24,befund,703,434,360,7,0,3,PRIMARY_OWNER,C,P3,"Neu (24.09.), nie gecrawlt. YMYL (Laborwert). 434 eigene Wörter (Median 360), Klicktiefe 3, 0 Links von täglich gecrawlten Seiten, kein Quellenblock. Nicht in der Repo-Queue.","Vor Indexierungsantrag YMYL härten: Quellen (Referenzbereiche, Fachgesellschaft) + fachliche Prüfung ergänzen (zur Freigabe); danach Queue + 1 Kontextlink von passendem Beschwerden-Leaf.",bestätigt (Messwerte); Hypothese (YMYL-Signale beeinflussen Crawl-Priorität)
Gefunden – zurzeit nicht indexiert,nie,https://tcm.ch/gesundheitsbibliothek/befunde-werte/ldh-erhoeht/,tcm.ch,200,200,,True,nein,True,2026-09-24,befund,613,345,360,2,0,3,PRIMARY_OWNER,C,P3,"Neu (24.09.), nie gecrawlt. YMYL (Laborwert). 345 eigene Wörter (Median 360), Klicktiefe 3, 0 Links von täglich gecrawlten Seiten, kein Quellenblock. Nicht in der Repo-Queue.","Vor Indexierungsantrag YMYL härten: Quellen (Referenzbereiche, Fachgesellschaft) + fachliche Prüfung ergänzen (zur Freigabe); danach Queue + 1 Kontextlink von passendem Beschwerden-Leaf.",bestätigt (Messwerte); Hypothese (YMYL-Signale beeinflussen Crawl-Priorität)
Gefunden – zurzeit nicht indexiert,nie,https://tcm.ch/gesundheitsbibliothek/befunde-werte/lipase-erhoeht/,tcm.ch,200,200,,True,nein,True,2026-09-24,befund,644,384,360,2,0,3,PRIMARY_OWNER,C,P3,"Neu (24.09.), nie gecrawlt. YMYL (Laborwert). 384 eigene Wörter (Median 360), Klicktiefe 3, 0 Links von täglich gecrawlten Seiten, kein Quellenblock. Nicht in der Repo-Queue.","Vor Indexierungsantrag YMYL härten: Quellen (Referenzbereiche, Fachgesellschaft) + fachliche Prüfung ergänzen (zur Freigabe); danach Queue + 1 Kontextlink von passendem Beschwerden-Leaf.",bestätigt (Messwerte); Hypothese (YMYL-Signale beeinflussen Crawl-Priorität)
Gefunden – zurzeit nicht indexiert,nie,https://tcm.ch/gesundheitsbibliothek/befunde-werte/monozyten-erhoeht/,tcm.ch,200,200,,True,nein,True,2026-09-24,befund,576,331,360,5,0,3,PRIMARY_OWNER,C,P3,"Neu (24.09.), nie gecrawlt. YMYL (Laborwert). 331 eigene Wörter (Median 360), Klicktiefe 3, 0 Links von täglich gecrawlten Seiten, kein Quellenblock. Nicht in der Repo-Queue.","Vor Indexierungsantrag YMYL härten: Quellen (Referenzbereiche, Fachgesellschaft) + fachliche Prüfung ergänzen (zur Freigabe); danach Queue + 1 Kontextlink von passendem Beschwerden-Leaf.",bestätigt (Messwerte); Hypothese (YMYL-Signale beeinflussen Crawl-Priorität)
Gefunden – zurzeit nicht indexiert,nie,https://tcm.ch/gesundheitsbibliothek/befunde-werte/natrium-zu-hoch/,tcm.ch,200,200,,True,nein,True,2026-09-24,befund,617,345,360,4,0,3,PRIMARY_OWNER,C,P3,"Neu (24.09.), nie gecrawlt. YMYL (Laborwert). 345 eigene Wörter (Median 360), Klicktiefe 3, 0 Links von täglich gecrawlten Seiten, kein Quellenblock. Nicht in der Repo-Queue.","Vor Indexierungsantrag YMYL härten: Quellen (Referenzbereiche, Fachgesellschaft) + fachliche Prüfung ergänzen (zur Freigabe); danach Queue + 1 Kontextlink von passendem Beschwerden-Leaf.",bestätigt (Messwerte); Hypothese (YMYL-Signale beeinflussen Crawl-Priorität)
Gefunden – zurzeit nicht indexiert,nie,https://tcm.ch/gesundheitsbibliothek/befunde-werte/neutrophile-erhoeht/,tcm.ch,200,200,,True,nein,True,2026-09-23,befund,610,371,360,6,0,3,PRIMARY_OWNER,C,P3,"Neu (23.09.), nie gecrawlt. YMYL (Laborwert). 371 eigene Wörter (Median 360), Klicktiefe 3, 0 Links von täglich gecrawlten Seiten, kein Quellenblock. Nicht in der Repo-Queue.","Vor Indexierungsantrag YMYL härten: Quellen (Referenzbereiche, Fachgesellschaft) + fachliche Prüfung ergänzen (zur Freigabe); danach Queue + 1 Kontextlink von passendem Beschwerden-Leaf.",bestätigt (Messwerte); Hypothese (YMYL-Signale beeinflussen Crawl-Priorität)
Gefunden – zurzeit nicht indexiert,nie,https://tcm.ch/gesundheitsbibliothek/befunde-werte/vitamin-b12-zu-niedrig/,tcm.ch,200,200,,True,nein,True,2026-09-24,befund,629,355,360,8,0,3,PRIMARY_OWNER,C,P3,"Neu (24.09.), nie gecrawlt. YMYL (Laborwert). 355 eigene Wörter (Median 360), Klicktiefe 3, 0 Links von täglich gecrawlten Seiten, kein Quellenblock. Nicht in der Repo-Queue.","Vor Indexierungsantrag YMYL härten: Quellen (Referenzbereiche, Fachgesellschaft) + fachliche Prüfung ergänzen (zur Freigabe); danach Queue + 1 Kontextlink von passendem Beschwerden-Leaf.",bestätigt (Messwerte); Hypothese (YMYL-Signale beeinflussen Crawl-Priorität)
Gefunden – zurzeit nicht indexiert,nie,https://tcm.ch/gesundheitsbibliothek/befunde-werte/vitamin-d-zu-niedrig/,tcm.ch,200,200,,True,nein,True,2026-09-24,befund,628,368,360,3,0,3,PRIMARY_OWNER,C,P3,"Neu (24.09.), nie gecrawlt. YMYL (Laborwert). 368 eigene Wörter (Median 360), Klicktiefe 3, 0 Links von täglich gecrawlten Seiten, kein Quellenblock. Nicht in der Repo-Queue.","Vor Indexierungsantrag YMYL härten: Quellen (Referenzbereiche, Fachgesellschaft) + fachliche Prüfung ergänzen (zur Freigabe); danach Queue + 1 Kontextlink von passendem Beschwerden-Leaf.",bestätigt (Messwerte); Hypothese (YMYL-Signale beeinflussen Crawl-Priorität)
Gecrawlt – zurzeit nicht indexiert,2026-06-06,https://tcm.ch/beschwerden/achillessehne,tcm.ch,410,308>https://tcm.ch/beschwerden/achillessehne/ 410,,False,nein,False,,,,,821,,,,,D,P2,"Alter Crawl (2026-06-06), heute 410. Alter Kurz-Slug; heute live: /beschwerden/achillessehnenentzuendung/ (200, PRIMARY_OWNER, gleiche Intention).",FREIGABE: 301 /beschwerden/achillessehne → /beschwerden/achillessehnenentzuendung/ (ALIAS in functions/beschwerden/[[path]].js).,bestätigt
Gecrawlt – zurzeit nicht indexiert,2026-06-07,https://tcm.ch/wissen/akupunktur-winterthur-kosten-krankenkasse,tcm.ch,410,308>https://tcm.ch/wissen/akupunktur-winterthur-kosten-krankenkasse/ 410,,False,nein,False,,,,,786,,,,,D,P2,"Alter Crawl (2026-06-07), heute 410. In WISSEN_KILL (410); heute live: /wissen/akupunktur-winterthur-kosten/ (200, PRIMARY_OWNER ""akupunktur winterthur kosten""). Gleiches Muster wie St. Gallen/Zürich (10.10.).","FREIGABE: 301 → /wissen/akupunktur-winterthur-kosten/ (ALIAS in functions/wissen/[[path]].js, vor KILL).",bestätigt
Gefunden – zurzeit nicht indexiert,nie,https://ouch.tcm.ch/insights/acu-land-nach-der-behandlung/,ouch.tcm.ch,200,200,,True,nein,True,2026-08-30,ouch_editorial,543,,,0,0,,nicht in Master-Map (eigene Codebasis),D,P3,"ouch.tcm.ch (separate Codebasis, nicht im Repo). Live 200, self-canonical, Sitemap. 0 Links von tcm.ch auf diese URL. ~543 Wörter. Gleiche Patienten-Intention hat auf tcm.ch bereits einen Owner: /gesundheitsbibliothek/fragen/muedigkeit-nach-akupunktur/ (Cross-Host-Kannibalisierung).","FREIGABE/Owner-Entscheid: Owner bleibt tcm.ch. OUCH-Artikel entweder als Meinungs-/Story-Winkel klar differenzieren und auf /gesundheitsbibliothek/fragen/muedigkeit-nach-akupunktur/ verlinken, oder rel=canonical auf den tcm.ch-Owner. Keine Indexierung beantragen.",bestätigt (Überschneidung); Hypothese (Kannibalisierung als Ursache)
Gefunden – zurzeit nicht indexiert,nie,https://ouch.tcm.ch/insights/akupunktur-nebenwirkungen/,ouch.tcm.ch,200,200,,True,nein,True,2026-08-31,ouch_editorial,586,,,0,0,,nicht in Master-Map (eigene Codebasis),D,P3,"ouch.tcm.ch (separate Codebasis, nicht im Repo). Live 200, self-canonical, Sitemap. 0 Links von tcm.ch auf diese URL. ~586 Wörter. Gleiche Patienten-Intention hat auf tcm.ch bereits einen Owner: /gesundheitsbibliothek/fragen/akupunktur-nebenwirkungen/ (Cross-Host-Kannibalisierung).","FREIGABE/Owner-Entscheid: Owner bleibt tcm.ch. OUCH-Artikel entweder als Meinungs-/Story-Winkel klar differenzieren und auf /gesundheitsbibliothek/fragen/akupunktur-nebenwirkungen/ verlinken, oder rel=canonical auf den tcm.ch-Owner. Keine Indexierung beantragen.",bestätigt (Überschneidung); Hypothese (Kannibalisierung als Ursache)
Gefunden – zurzeit nicht indexiert,nie,https://ouch.tcm.ch/insights/akupunktur-schwangerschaft/,ouch.tcm.ch,200,200,,True,nein,True,2026-08-31,ouch_editorial,566,,,0,0,,nicht in Master-Map (eigene Codebasis),D,P3,"ouch.tcm.ch (separate Codebasis, nicht im Repo). Live 200, self-canonical, Sitemap. 0 Links von tcm.ch auf diese URL. ~566 Wörter. Gleiche Patienten-Intention hat auf tcm.ch bereits einen Owner: /therapien/akupunktur/schwangerschaft/ (Cross-Host-Kannibalisierung).","FREIGABE/Owner-Entscheid: Owner bleibt tcm.ch. OUCH-Artikel entweder als Meinungs-/Story-Winkel klar differenzieren und auf /therapien/akupunktur/schwangerschaft/ verlinken, oder rel=canonical auf den tcm.ch-Owner. Keine Indexierung beantragen.",bestätigt (Überschneidung); Hypothese (Kannibalisierung als Ursache)
Gefunden – zurzeit nicht indexiert,nie,https://ouch.tcm.ch/insights/dinge-die-patienten-fragen/,ouch.tcm.ch,200,200,,True,nein,True,2026-08-30,ouch_editorial,643,,,0,0,,nicht in Master-Map (eigene Codebasis),D,P3,"ouch.tcm.ch (separate Codebasis, nicht im Repo). Live 200, self-canonical, Sitemap. 0 Links von tcm.ch auf diese URL. ~643 Wörter. Gleiche Patienten-Intention hat auf tcm.ch bereits einen Owner: /gesundheitsbibliothek/fragen/tut-akupunktur-weh/ (Cross-Host-Kannibalisierung).","FREIGABE/Owner-Entscheid: Owner bleibt tcm.ch. OUCH-Artikel entweder als Meinungs-/Story-Winkel klar differenzieren und auf /gesundheitsbibliothek/fragen/tut-akupunktur-weh/ verlinken, oder rel=canonical auf den tcm.ch-Owner. Keine Indexierung beantragen.",bestätigt (Überschneidung); Hypothese (Kannibalisierung als Ursache)
Gefunden – zurzeit nicht indexiert,nie,https://ouch.tcm.ch/insights/elektroakupunktur/,ouch.tcm.ch,200,200,,True,nein,True,2026-08-30,ouch_editorial,445,,,0,0,,nicht in Master-Map (eigene Codebasis),D,P3,"ouch.tcm.ch (separate Codebasis, nicht im Repo). Live 200, self-canonical, Sitemap. 0 Links von tcm.ch auf diese URL. ~445 Wörter. Gleiche Patienten-Intention hat auf tcm.ch bereits einen Owner: /therapien/elektroakupunktur/ + /wissen/elektroakupunktur-wirkung/ (Cross-Host-Kannibalisierung).","FREIGABE/Owner-Entscheid: Owner bleibt tcm.ch. OUCH-Artikel entweder als Meinungs-/Story-Winkel klar differenzieren und auf /therapien/elektroakupunktur/ verlinken, oder rel=canonical auf den tcm.ch-Owner. Keine Indexierung beantragen.",bestätigt (Überschneidung); Hypothese (Kannibalisierung als Ursache)
Gefunden – zurzeit nicht indexiert,nie,https://ouch.tcm.ch/insights/gua-sha-jugendamt/,ouch.tcm.ch,200,200,,True,nein,True,2026-09-06,ouch_editorial,359,,,0,0,,nicht in Master-Map (eigene Codebasis),D,P3,"ouch.tcm.ch (separate Codebasis, nicht im Repo). Live 200, self-canonical, Sitemap. 0 Links von tcm.ch auf diese URL. ~359 Wörter. Gleiche Patienten-Intention hat auf tcm.ch bereits einen Owner: /therapien/gua-sha/ (Cross-Host-Kannibalisierung).","FREIGABE/Owner-Entscheid: Owner bleibt tcm.ch. OUCH-Artikel entweder als Meinungs-/Story-Winkel klar differenzieren und auf /therapien/gua-sha/ verlinken, oder rel=canonical auf den tcm.ch-Owner. Keine Indexierung beantragen.",bestätigt (Überschneidung); Hypothese (Kannibalisierung als Ursache)
Gefunden – zurzeit nicht indexiert,nie,https://ouch.tcm.ch/insights/moxa-und-der-rauchmelder/,ouch.tcm.ch,200,200,,True,nein,True,2026-09-06,ouch_editorial,317,,,0,0,,nicht in Master-Map (eigene Codebasis),D,P3,"ouch.tcm.ch (separate Codebasis, nicht im Repo). Live 200, self-canonical, Sitemap. 0 Links von tcm.ch auf diese URL. ~317 Wörter. Gleiche Patienten-Intention hat auf tcm.ch bereits einen Owner: /therapien/moxibustion/ (Cross-Host-Kannibalisierung).","FREIGABE/Owner-Entscheid: Owner bleibt tcm.ch. OUCH-Artikel entweder als Meinungs-/Story-Winkel klar differenzieren und auf /therapien/moxibustion/ verlinken, oder rel=canonical auf den tcm.ch-Owner. Keine Indexierung beantragen.",bestätigt (Überschneidung); Hypothese (Kannibalisierung als Ursache)
Gefunden – zurzeit nicht indexiert,nie,https://ouch.tcm.ch/insights/nadelphobie/,ouch.tcm.ch,200,200,,True,nein,True,2026-08-30,ouch_editorial,562,,,0,0,,nicht in Master-Map (eigene Codebasis),D,P3,"ouch.tcm.ch (separate Codebasis, nicht im Repo). Live 200, self-canonical, Sitemap. 0 Links von tcm.ch auf diese URL. ~562 Wörter. Gleiche Patienten-Intention hat auf tcm.ch bereits einen Owner: /gesundheitsbibliothek/fragen/angst-vor-akupunktur-nadeln/ (Cross-Host-Kannibalisierung).","FREIGABE/Owner-Entscheid: Owner bleibt tcm.ch. OUCH-Artikel entweder als Meinungs-/Story-Winkel klar differenzieren und auf /gesundheitsbibliothek/fragen/angst-vor-akupunktur-nadeln/ verlinken, oder rel=canonical auf den tcm.ch-Owner. Keine Indexierung beantragen.",bestätigt (Überschneidung); Hypothese (Kannibalisierung als Ursache)
Gefunden – zurzeit nicht indexiert,nie,https://ouch.tcm.ch/insights/ohrakupunktur-nada/,ouch.tcm.ch,200,200,,True,nein,True,2026-08-30,ouch_editorial,448,,,0,0,,nicht in Master-Map (eigene Codebasis),D,P3,"ouch.tcm.ch (separate Codebasis, nicht im Repo). Live 200, self-canonical, Sitemap. 0 Links von tcm.ch auf diese URL. ~448 Wörter. Gleiche Patienten-Intention hat auf tcm.ch bereits einen Owner: /therapien/ohrakupunktur/ (Cross-Host-Kannibalisierung).","FREIGABE/Owner-Entscheid: Owner bleibt tcm.ch. OUCH-Artikel entweder als Meinungs-/Story-Winkel klar differenzieren und auf /therapien/ohrakupunktur/ verlinken, oder rel=canonical auf den tcm.ch-Owner. Keine Indexierung beantragen.",bestätigt (Überschneidung); Hypothese (Kannibalisierung als Ursache)
Gefunden – zurzeit nicht indexiert,nie,https://ouch.tcm.ch/insights/pulsdiagnose-28-geschichten/,ouch.tcm.ch,200,200,,True,nein,True,2026-08-30,ouch_editorial,551,,,0,0,,nicht in Master-Map (eigene Codebasis),D,P3,"ouch.tcm.ch (separate Codebasis, nicht im Repo). Live 200, self-canonical, Sitemap. 0 Links von tcm.ch auf diese URL. ~551 Wörter. Gleiche Patienten-Intention hat auf tcm.ch bereits einen Owner: /gesundheitsbibliothek/tcm-verstehen/diagnostik/pulsdiagnostik/ (Cross-Host-Kannibalisierung).","FREIGABE/Owner-Entscheid: Owner bleibt tcm.ch. OUCH-Artikel entweder als Meinungs-/Story-Winkel klar differenzieren und auf /gesundheitsbibliothek/tcm-verstehen/diagnostik/pulsdiagnostik/ verlinken, oder rel=canonical auf den tcm.ch-Owner. Keine Indexierung beantragen.",bestätigt (Überschneidung); Hypothese (Kannibalisierung als Ursache)
Gefunden – zurzeit nicht indexiert,nie,https://ouch.tcm.ch/insights/schroepfen-kreise/,ouch.tcm.ch,200,200,,True,nein,True,2026-08-31,ouch_editorial,563,,,0,0,,nicht in Master-Map (eigene Codebasis),D,P3,"ouch.tcm.ch (separate Codebasis, nicht im Repo). Live 200, self-canonical, Sitemap. 0 Links von tcm.ch auf diese URL. ~563 Wörter. Gleiche Patienten-Intention hat auf tcm.ch bereits einen Owner: /wissen/schroepfen-wirkung-flecken/ (""schröpfen flecken"") + /therapien/schroepfen/ (Cross-Host-Kannibalisierung).","FREIGABE/Owner-Entscheid: Owner bleibt tcm.ch. OUCH-Artikel entweder als Meinungs-/Story-Winkel klar differenzieren und auf /wissen/schroepfen-wirkung-flecken/ verlinken, oder rel=canonical auf den tcm.ch-Owner. Keine Indexierung beantragen.",bestätigt (Überschneidung); Hypothese (Kannibalisierung als Ursache)
Gefunden – zurzeit nicht indexiert,nie,https://ouch.tcm.ch/insights/tuina-massage/,ouch.tcm.ch,200,200,,True,nein,True,2026-08-31,ouch_editorial,549,,,0,0,,nicht in Master-Map (eigene Codebasis),D,P3,"ouch.tcm.ch (separate Codebasis, nicht im Repo). Live 200, self-canonical, Sitemap. 0 Links von tcm.ch auf diese URL. ~549 Wörter. Gleiche Patienten-Intention hat auf tcm.ch bereits einen Owner: /therapien/tuina/ (Cross-Host-Kannibalisierung).","FREIGABE/Owner-Entscheid: Owner bleibt tcm.ch. OUCH-Artikel entweder als Meinungs-/Story-Winkel klar differenzieren und auf /therapien/tuina/ verlinken, oder rel=canonical auf den tcm.ch-Owner. Keine Indexierung beantragen.",bestätigt (Überschneidung); Hypothese (Kannibalisierung als Ursache)
Gefunden – zurzeit nicht indexiert,nie,https://ouch.tcm.ch/insights/was-kostet-tcm/,ouch.tcm.ch,200,200,,True,nein,True,2026-08-31,ouch_editorial,596,,,0,0,,nicht in Master-Map (eigene Codebasis),D,P3,"ouch.tcm.ch (separate Codebasis, nicht im Repo). Live 200, self-canonical, Sitemap. 0 Links von tcm.ch auf diese URL. ~596 Wörter. Gleiche Patienten-Intention hat auf tcm.ch bereits einen Owner: /krankenkassen/ (gepinnter Owner ""tcm krankenkasse"") (Cross-Host-Kannibalisierung).","FREIGABE/Owner-Entscheid: Owner bleibt tcm.ch. OUCH-Artikel entweder als Meinungs-/Story-Winkel klar differenzieren und auf /krankenkassen/ verlinken, oder rel=canonical auf den tcm.ch-Owner. Keine Indexierung beantragen.",bestätigt (Überschneidung); Hypothese (Kannibalisierung als Ursache)
Gefunden – zurzeit nicht indexiert,nie,https://ouch.tcm.ch/insights/zungendiagnose-selbstversuch/,ouch.tcm.ch,200,200,,True,nein,True,2026-08-30,ouch_editorial,262,,,0,0,,nicht in Master-Map (eigene Codebasis),D,P3,"ouch.tcm.ch (separate Codebasis, nicht im Repo). Live 200, self-canonical, Sitemap. 0 Links von tcm.ch auf diese URL. ~262 Wörter. Gleiche Patienten-Intention hat auf tcm.ch bereits einen Owner: /gesundheitsbibliothek/tcm-verstehen/diagnostik/zungendiagnostik/ (Cross-Host-Kannibalisierung).","FREIGABE/Owner-Entscheid: Owner bleibt tcm.ch. OUCH-Artikel entweder als Meinungs-/Story-Winkel klar differenzieren und auf /gesundheitsbibliothek/tcm-verstehen/diagnostik/zungendiagnostik/ verlinken, oder rel=canonical auf den tcm.ch-Owner. Keine Indexierung beantragen.",bestätigt (Überschneidung); Hypothese (Kannibalisierung als Ursache)
Gefunden – zurzeit nicht indexiert,nie,https://tcm.ch/gesundheitsbibliothek/untersuchungen/belastungs-ekg/,tcm.ch,200,200,,True,nein,True,2026-09-29,/gesundheitsbibliothek/untersuchungen/,606,506,461,4,0,2,PRIMARY_OWNER,B,P3,"Neu (29.09.), nie gecrawlt. 506 eigene Wörter (Median 461), 4 Content-Links, 0 von täglich gecrawlten Seiten. Nicht in der Repo-Queue.",Abwarten; in Index-Queue nachtragen.,bestätigt
Gefunden – zurzeit nicht indexiert,nie,https://tcm.ch/gesundheitsbibliothek/untersuchungen/ct/,tcm.ch,200,200,,True,nein,True,2026-09-27,/gesundheitsbibliothek/untersuchungen/,627,483,461,8,0,2,PRIMARY_OWNER,B,P3,"Neu (27.09.), nie gecrawlt. 483 eigene Wörter (Median 461), 8 Content-Links, 0 von täglich gecrawlten Seiten. Nicht in der Repo-Queue.",Abwarten; in Index-Queue nachtragen.,bestätigt
Gefunden – zurzeit nicht indexiert,nie,https://tcm.ch/gesundheitsbibliothek/untersuchungen/hormontest/,tcm.ch,200,200,,True,nein,True,2026-09-29,/gesundheitsbibliothek/untersuchungen/,507,436,461,4,0,2,PRIMARY_OWNER,B,P3,"Neu (29.09.), nie gecrawlt. 436 eigene Wörter (Median 461), 4 Content-Links, 0 von täglich gecrawlten Seiten. Nicht in der Repo-Queue.",Abwarten; in Index-Queue nachtragen.,bestätigt
Gefunden – zurzeit nicht indexiert,nie,https://tcm.ch/gesundheitsbibliothek/untersuchungen/langzeit-blutdruckmessung/,tcm.ch,200,200,,True,nein,True,2026-09-27,/gesundheitsbibliothek/untersuchungen/,531,401,461,5,0,2,PRIMARY_OWNER,B,P3,"Neu (27.09.), nie gecrawlt. 401 eigene Wörter (Median 461), 5 Content-Links, 0 von täglich gecrawlten Seiten. Nicht in der Repo-Queue.",Abwarten; in Index-Queue nachtragen.,bestätigt
Gefunden – zurzeit nicht indexiert,nie,https://tcm.ch/gesundheitsbibliothek/untersuchungen/szintigrafie/,tcm.ch,200,200,,True,nein,True,2026-09-27,/gesundheitsbibliothek/untersuchungen/,574,440,461,4,0,2,PRIMARY_OWNER,B,P3,"Neu (27.09.), nie gecrawlt. 440 eigene Wörter (Median 461), 4 Content-Links, 0 von täglich gecrawlten Seiten. Nicht in der Repo-Queue.",Abwarten; in Index-Queue nachtragen.,bestätigt
Gefunden – zurzeit nicht indexiert,nie,https://tcm.ch/gesundheitsbibliothek/untersuchungen/ultraschall/,tcm.ch,200,200,,True,nein,True,2026-09-27,/gesundheitsbibliothek/untersuchungen/,601,458,461,21,3,2,PRIMARY_OWNER,B,P3,"Neu (27.09.), nie gecrawlt. 458 eigene Wörter (Median 461), 21 Content-Links, 3 von täglich gecrawlten Seiten. Nicht in der Repo-Queue.",Abwarten; in Index-Queue nachtragen.,bestätigt
Gefunden – zurzeit nicht indexiert,nie,https://tcm.ch/gesundheitsbibliothek/untersuchungen/urinuntersuchung/,tcm.ch,200,200,,True,nein,True,2026-09-30,/gesundheitsbibliothek/untersuchungen/,736,654,461,8,1,2,PRIMARY_OWNER,B,P3,"Neu (30.09.), nie gecrawlt. 654 eigene Wörter (Median 461), 8 Content-Links, 1 von täglich gecrawlten Seiten. Nicht in der Repo-Queue (ausser diese URL: in ""Offen"").","Abwarten (steht bereits in Queue ""Offen"").",bestätigt
Gefunden – zurzeit nicht indexiert,nie,https://tcm.ch/koerpersignale/bruechige-naegel/,tcm.ch,200,200,,True,nein,True,2026-09-29,body_signal,599,383,645,2,0,2,PRIMARY_OWNER,B,P3,"Neu (29.09.), nie gecrawlt. 383 eigene Wörter (Median 645, knapp unter p25), 2 Content-Links, 0 von täglich gecrawlten Seiten.",Abwarten; in Index-Queue nachtragen; 1 Kontextlink von passendem Beschwerden-Leaf.,bestätigt
Gefunden – zurzeit nicht indexiert,nie,https://tcm.ch/koerpersignale/eingerissene-mundwinkel/,tcm.ch,200,200,,True,nein,True,2026-09-29,body_signal,644,428,645,4,0,2,PRIMARY_OWNER,B,P3,"Neu (29.09.), nie gecrawlt. 428 eigene Wörter (Median 645, knapp unter p25), 4 Content-Links, 0 von täglich gecrawlten Seiten.",Abwarten; in Index-Queue nachtragen; 1 Kontextlink von passendem Beschwerden-Leaf.,bestätigt
Gefunden – zurzeit nicht indexiert,nie,https://tcm.ch/koerpersignale/juckreiz-nach-dem-duschen/,tcm.ch,200,200,,True,nein,True,2026-09-29,body_signal,617,401,645,2,0,2,PRIMARY_OWNER,B,P3,"Neu (29.09.), nie gecrawlt. 401 eigene Wörter (Median 645, knapp unter p25), 2 Content-Links, 0 von täglich gecrawlten Seiten.",Abwarten; in Index-Queue nachtragen; 1 Kontextlink von passendem Beschwerden-Leaf.,bestätigt
Gefunden – zurzeit nicht indexiert,nie,https://tcm.ch/wissen/narbenbehandlung/,tcm.ch,200,200,,True,nein,True,2026-09-29,editorial,679,547,786,2,0,2,PRIMARY_OWNER,B,P3,"Neu (29.09.), nie gecrawlt. 547 eigene Wörter (Median /wissen/ 786, unteres Quartil), 2 Content-Links, 0 von täglich gecrawlten Seiten.",Abwarten; in Index-Queue nachtragen; Kontextlink von der zugehörigen Therapieseite.,bestätigt
Gefunden – zurzeit nicht indexiert,nie,https://tcm.ch/wissen/schroepfmassage/,tcm.ch,200,200,,True,nein,True,2026-09-24,editorial,746,564,786,5,0,2,PRIMARY_OWNER,B,P3,"Neu (24.09.), nie gecrawlt. 564 eigene Wörter (Median /wissen/ 786, unteres Quartil), 5 Content-Links, 0 von täglich gecrawlten Seiten.",Abwarten; in Index-Queue nachtragen; Kontextlink von der zugehörigen Therapieseite.,bestätigt
Gefunden – zurzeit nicht indexiert,nie,https://tcm.ch/wissen/shiatsu-selbstbehandlung/,tcm.ch,200,200,,True,nein,True,2026-09-24,editorial,707,535,786,3,0,2,PRIMARY_OWNER,B,P3,"Neu (24.09.), nie gecrawlt. 535 eigene Wörter (Median /wissen/ 786, unteres Quartil), 3 Content-Links, 0 von täglich gecrawlten Seiten.",Abwarten; in Index-Queue nachtragen; Kontextlink von der zugehörigen Therapieseite.,bestätigt
Gefunden – zurzeit nicht indexiert,nie,https://ouch.tcm.ch/insights/archaik-check-blutegel-bienengift-baunscheidt/,ouch.tcm.ch,200,200,,True,nein,True,2026-09-06,ouch_editorial,582,,,0,0,,nicht in Master-Map (eigene Codebasis),B,P4,"ouch.tcm.ch (separate Codebasis, nicht im Repo). Live 200, self-canonical, Sitemap. 0 Links von tcm.ch auf diese URL. ~582 Wörter. Eigenständiger Editorial-Winkel ohne tcm.ch-Owner.",Abwarten. Optional 1 thematisch passende ouchMagRow-Verlinkung von tcm.ch. Kein Indexierungsantrag vor Owner-Entscheid zu OUCH insgesamt.,bestätigt (Status); Hypothese (Ursache: fehlende Links/Host-Autorität)
Gefunden – zurzeit nicht indexiert,nie,https://ouch.tcm.ch/insights/aristolochia-kapitel/,ouch.tcm.ch,200,200,,True,nein,True,2026-08-30,ouch_editorial,329,,,0,0,,nicht in Master-Map (eigene Codebasis),B,P4,"ouch.tcm.ch (separate Codebasis, nicht im Repo). Live 200, self-canonical, Sitemap. 0 Links von tcm.ch auf diese URL. ~329 Wörter. Eigenständiger Editorial-Winkel ohne tcm.ch-Owner. Kurz (<350 Wörter).",Abwarten. Optional 1 thematisch passende ouchMagRow-Verlinkung von tcm.ch. Kein Indexierungsantrag vor Owner-Entscheid zu OUCH insgesamt.,bestätigt (Status); Hypothese (Ursache: fehlende Links/Host-Autorität)
Gefunden – zurzeit nicht indexiert,nie,https://ouch.tcm.ch/insights/dolmetscher-luecke/,ouch.tcm.ch,200,200,,True,nein,True,2026-08-30,ouch_editorial,341,,,0,0,,nicht in Master-Map (eigene Codebasis),B,P4,"ouch.tcm.ch (separate Codebasis, nicht im Repo). Live 200, self-canonical, Sitemap. 0 Links von tcm.ch auf diese URL. ~341 Wörter. Eigenständiger Editorial-Winkel ohne tcm.ch-Owner. Kurz (<350 Wörter).",Abwarten. Optional 1 thematisch passende ouchMagRow-Verlinkung von tcm.ch. Kein Indexierungsantrag vor Owner-Entscheid zu OUCH insgesamt.,bestätigt (Status); Hypothese (Ursache: fehlende Links/Host-Autorität)
Gefunden – zurzeit nicht indexiert,nie,https://ouch.tcm.ch/insights/erstgespraech-bingo/,ouch.tcm.ch,200,200,,True,nein,True,2026-08-30,ouch_editorial,342,,,0,0,,nicht in Master-Map (eigene Codebasis),B,P4,"ouch.tcm.ch (separate Codebasis, nicht im Repo). Live 200, self-canonical, Sitemap. 0 Links von tcm.ch auf diese URL. ~342 Wörter. Eigenständiger Editorial-Winkel ohne tcm.ch-Owner. Kurz (<350 Wörter).",Abwarten. Optional 1 thematisch passende ouchMagRow-Verlinkung von tcm.ch. Kein Indexierungsantrag vor Owner-Entscheid zu OUCH insgesamt.,bestätigt (Status); Hypothese (Ursache: fehlende Links/Host-Autorität)
Gefunden – zurzeit nicht indexiert,nie,https://ouch.tcm.ch/insights/wetter-im-knie/,ouch.tcm.ch,200,200,,True,nein,True,2026-08-30,ouch_editorial,595,,,0,0,,nicht in Master-Map (eigene Codebasis),B,P4,"ouch.tcm.ch (separate Codebasis, nicht im Repo). Live 200, self-canonical, Sitemap. 0 Links von tcm.ch auf diese URL. ~595 Wörter. Eigenständiger Editorial-Winkel ohne tcm.ch-Owner.",Abwarten. Optional 1 thematisch passende ouchMagRow-Verlinkung von tcm.ch. Kein Indexierungsantrag vor Owner-Entscheid zu OUCH insgesamt.,bestätigt (Status); Hypothese (Ursache: fehlende Links/Host-Autorität)
Gefunden – zurzeit nicht indexiert,nie,https://tcm.ch/branche/organisationen/,tcm.ch,200,200,,True,nein,True,2026-09-30,/branche/,924,685,452,5,0,2,PRIMARY_OWNER,B,P4,"B2B, neu (30.09.), 685 eigene Wörter, 5 Content-Links aus dem B2B-Layer. Nicht in der Repo-Queue.",Abwarten; in index-queue.md (unteres Drittel) nachtragen.,bestätigt
Gefunden – zurzeit nicht indexiert,nie,https://tcm.ch/branche/tcm-international-schweiz/,tcm.ch,200,200,,True,nein,True,2026-09-30,/branche/,1010,750,452,5,0,2,PRIMARY_OWNER,B,P4,"B2B, neu (30.09.), 750 eigene Wörter, 5 Content-Links aus dem B2B-Layer. Nicht in der Repo-Queue.",Abwarten; in index-queue.md (unteres Drittel) nachtragen.,bestätigt
Gefunden – zurzeit nicht indexiert,nie,https://tcm.ch/gesundheitsbibliothek/fragen/alkohol-nach-akupunktur/,tcm.ch,200,200,,True,nein,True,2026-09-11,question,454,236,307,3,0,2,PRIMARY_OWNER,B,P4,"Neu (11.09.), nie gecrawlt. Mikro-Frage unter Hub /gesundheitsbibliothek/fragen/nach-der-behandlung/ (verlinkt), 236 eigene Wörter.","Abwarten. Falls bis 30.11. nicht indexiert: Konsolidierung (D) in den Hub ""nach der Behandlung"" prüfen (zur Freigabe).",bestätigt
Gefunden – zurzeit nicht indexiert,nie,https://tcm.ch/gesundheitsbibliothek/fragen/kleidung-akupunktur/,tcm.ch,200,200,,True,nein,True,2026-09-11,question,466,251,307,5,0,2,PRIMARY_OWNER,B,P4,"Neu (11.09.), nie gecrawlt. Nischen-Frage mit geringer Nachfrage, 251 eigene Wörter, 5 Content-Links.",Abwarten; in Index-Queue (unteres Drittel) nachtragen.,bestätigt
Gefunden – zurzeit nicht indexiert,nie,https://tcm.ch/gesundheitsbibliothek/fragen/schwimmen-nach-akupunktur/,tcm.ch,200,200,,True,nein,True,2026-09-11,question,484,278,307,4,0,2,PRIMARY_OWNER,B,P4,"Neu (11.09.), nie gecrawlt. Mikro-Frage unter Hub /gesundheitsbibliothek/fragen/nach-der-behandlung/ (verlinkt), 278 eigene Wörter.","Abwarten. Falls bis 30.11. nicht indexiert: Konsolidierung (D) in den Hub ""nach der Behandlung"" prüfen (zur Freigabe).",bestätigt
Gefunden – zurzeit nicht indexiert,nie,https://tcm.ch/gesundheitsbibliothek/fragen/sport-nach-akupunktur/,tcm.ch,200,200,,True,nein,True,2026-09-11,question,577,360,307,4,0,2,PRIMARY_OWNER,B,P4,"Neu (11.09.), nie gecrawlt. Mikro-Frage unter Hub /gesundheitsbibliothek/fragen/nach-der-behandlung/ (verlinkt), 360 eigene Wörter.","Abwarten. Falls bis 30.11. nicht indexiert: Konsolidierung (D) in den Hub ""nach der Behandlung"" prüfen (zur Freigabe).",bestätigt
Gefunden – zurzeit nicht indexiert,nie,https://tcm.ch/gesundheitsbibliothek/fragen/tuina-nebenwirkungen/,tcm.ch,200,200,,True,nein,True,2026-09-11,question,436,222,307,3,0,2,PRIMARY_OWNER,B,P4,"Neu (11.09.), nie gecrawlt. Nischen-Frage mit geringer Nachfrage, 222 eigene Wörter, 3 Content-Links.",Abwarten; in Index-Queue (unteres Drittel) nachtragen.,bestätigt
Gefunden – zurzeit nicht indexiert,nie,https://tcm.ch/gesundheitsbibliothek/fragen/wie-tief-akupunkturnadeln/,tcm.ch,200,200,,True,nein,True,2026-09-11,question,439,234,307,2,0,2,PRIMARY_OWNER,B,P4,"Neu (11.09.), nie gecrawlt. Nischen-Frage mit geringer Nachfrage, 234 eigene Wörter, 2 Content-Links.",Abwarten; in Index-Queue (unteres Drittel) nachtragen.,bestätigt
Gefunden – zurzeit nicht indexiert,nie,https://tcm.ch/gesundheitsbibliothek/fragen/wie-viele-akupunkturnadeln/,tcm.ch,200,200,,True,nein,True,2026-09-11,question,457,246,307,3,0,2,PRIMARY_OWNER,B,P4,"Neu (11.09.), nie gecrawlt. Nischen-Frage mit geringer Nachfrage, 246 eigene Wörter, 3 Content-Links.",Abwarten; in Index-Queue (unteres Drittel) nachtragen.,bestätigt
Gefunden – zurzeit nicht indexiert,nie,https://tcm.ch/gesundheitsbibliothek/tcm-verstehen/meridiane-punkte/dreifacher-erwaermer/,tcm.ch,200,200,,True,nein,True,2026-09-29,tcm_hub,546,416,409,3,0,3,PRIMARY_OWNER,B,P4,"Neu (29.09.), nie gecrawlt. Scoped-Erklärseite unter /tcm-verstehen/ (CLAUDE.md-Ausnahme), 416 eigene Wörter, keine kommerzielle Intention.",Abwarten. Kein Indexierungsantrag (Kontingent für P1/P2).,bestätigt
Gefunden – zurzeit nicht indexiert,nie,https://tcm.ch/gesundheitsbibliothek/tcm-verstehen/meridiane-punkte/hegu/,tcm.ch,200,200,,True,nein,True,2026-09-29,tcm_hub,459,328,409,3,0,3,PRIMARY_OWNER,B,P4,"Neu (29.09.), nie gecrawlt. Scoped-Erklärseite unter /tcm-verstehen/ (CLAUDE.md-Ausnahme), 328 eigene Wörter, keine kommerzielle Intention.",Abwarten. Kein Indexierungsantrag (Kontingent für P1/P2).,bestätigt
Gefunden – zurzeit nicht indexiert,nie,https://tcm.ch/gesundheitsbibliothek/tcm-verstehen/meridiane-punkte/lebermeridian/,tcm.ch,200,200,,True,nein,True,2026-09-29,tcm_hub,486,348,409,4,0,3,PRIMARY_OWNER,B,P4,"Neu (29.09.), nie gecrawlt. Scoped-Erklärseite unter /tcm-verstehen/ (CLAUDE.md-Ausnahme), 348 eigene Wörter, keine kommerzielle Intention.",Abwarten. Kein Indexierungsantrag (Kontingent für P1/P2).,bestätigt
Gecrawlt – zurzeit nicht indexiert,2026-06-08,https://tcm.ch/beschwerden/analfisteln,tcm.ch,410,308>https://tcm.ch/beschwerden/analfisteln/ 410,,False,nein,False,,,,,821,,,,,E,–,"Alter Crawl (2026-06-08), heute 410. Aus KEEP entfernt; keine Owner-Seite.",410 belassen.,bestätigt
Gecrawlt – zurzeit nicht indexiert,2026-06-09,https://tcm.ch/beschwerden/chemotherapie,tcm.ch,410,308>https://tcm.ch/beschwerden/chemotherapie/ 410,,False,nein,False,,,,,821,,,,,E,–,"Alter Crawl (2026-06-09), heute 410. Onkologie-YMYL; einzig verwandt ist /wissen/akupunktur-bei-uebelkeit/ (nur Teil-Intent Übelkeit).",410 belassen. Kein Redirect auf Teil-Match.,bestätigt
Gecrawlt – zurzeit nicht indexiert,2026-06-08,https://tcm.ch/beschwerden/ischias,tcm.ch,200,308>https://tcm.ch/beschwerden/ischias/ 200,,True,nein,True,,condition,1776,1133,821,40,13,2,PRIMARY_OWNER,E,–,"Alter Crawl (2026-06-08). Slash-Variante, 308 auf /beschwerden/ischias/ (200, PRIMARY_OWNER). Diese Variante soll nicht indexiert werden.","Keine. GSC-Altlast; Ziel-URL per URL-Prüfung auf ""indexiert"" kontrollieren.",bestätigt
Gecrawlt – zurzeit nicht indexiert,2026-06-09,https://tcm.ch/beschwerden/nasenbluten,tcm.ch,410,308>https://tcm.ch/beschwerden/nasenbluten/ 410,,False,nein,False,,,,,821,,,,,E,–,"Alter Crawl (2026-06-09), heute 410. Aus KEEP entfernt; keine Owner-Seite mit gleicher Intention (kein Treffer in Master-Map/Körpersignale).",410 belassen. Keine Massnahme.,bestätigt
Gecrawlt – zurzeit nicht indexiert,2026-06-06,https://tcm.ch/beschwerden/parkinson,tcm.ch,410,308>https://tcm.ch/beschwerden/parkinson/ 410,,False,nein,False,,,,,821,,,,,E,–,"Alter Crawl (2026-06-06), heute 410. Aus KEEP entfernt; keine Owner-Seite (nur Körpersignal ""Hände zittern"", anderer Intent).",410 belassen.,bestätigt
Gecrawlt – zurzeit nicht indexiert,2026-06-06,https://tcm.ch/beschwerden/rotatorenmanschette,tcm.ch,200,308>https://tcm.ch/beschwerden/rotatorenmanschette/ 200,,True,nein,True,,condition,1883,1181,821,4,2,2,PRIMARY_OWNER,E,–,"Alter Crawl (2026-06-06). Slash-Variante, 308 auf /beschwerden/rotatorenmanschette/ (200, PRIMARY_OWNER). Diese Variante soll nicht indexiert werden.","Keine. GSC-Altlast; Ziel-URL per URL-Prüfung auf ""indexiert"" kontrollieren.",bestätigt
Gecrawlt – zurzeit nicht indexiert,2026-06-08,https://tcm.ch/beschwerden/sodbrennen-reflux,tcm.ch,200,308>https://tcm.ch/beschwerden/sodbrennen-reflux/ 301>https://tcm.ch/beschwerden/sodbrennen/ 200,https://tcm.ch/beschwerden/sodbrennen/,True,nein,True,,condition,1456,812,821,26,7,2,PRIMARY_OWNER,E,–,"Alter Crawl (2026-06-08). Alter Slug, 308+301 (Alias) auf /beschwerden/sodbrennen/ (200, PRIMARY_OWNER). Diese Variante soll nicht indexiert werden.","Keine. GSC-Altlast; Ziel-URL per URL-Prüfung auf ""indexiert"" kontrollieren.",bestätigt
Gecrawlt – zurzeit nicht indexiert,2026-06-01,https://tcm.ch/therapien/gua-sha/basel,tcm.ch,410,308>https://tcm.ch/therapien/gua-sha/basel/ 410,,False,nein,False,,,,,,,,,,E,–,"Alter Crawl (2026-06-01), heute 410. Therapie×Stadt-Doorway (Prune-Function), bewusst entfernt.",410 belassen.,bestätigt
Gecrawlt – zurzeit nicht indexiert,2026-06-08,https://tcm.ch/therapien/physiotherapie/zuerich-hoengg,tcm.ch,410,308>https://tcm.ch/therapien/physiotherapie/zuerich-hoengg/ 410,,False,nein,False,,,,,,,,,,E,–,"Alter Crawl (2026-06-08), heute 410. Therapie×Stadt-Doorway (Prune-Function); Physio läuft über physio.ch.",410 belassen.,bestätigt
Gecrawlt – zurzeit nicht indexiert,2026-06-18,https://www.tcm.ch/standorte/,tcm.ch,200,301>https://tcm.ch/standorte/ 200,https://tcm.ch/standorte/,True,nein,True,,/standorte/,504,334,,480,158,1,PRIMARY_OWNER,E,–,"Alter Crawl (2026-06-18). Host-Variante www, 301 auf https://tcm.ch/standorte/ (200, self-canonical, Sitemap). Diese Variante soll nicht indexiert werden.","Keine. GSC-Altlast; Ziel-URL per URL-Prüfung auf ""indexiert"" kontrollieren.",bestätigt
