gsc_reason,old_url,host,current_http_status,current_indexability,current_canonical,classification,action,target_url,reason,future_content_candidate
Alternative Seite mit richtigem kanonischen Tag,https://tcm.ch/?quelle=Selbsttest&anliegen,tcm.ch,200,bewusst nicht indexierbar,,A,keine Aktion,,"Formular-Prefill-Parameter, kanonisiert korrekt auf die Elternseite; seit 10.09. zusaetzlich per robots.txt gesperrt",nein
Alternative Seite mit richtigem kanonischen Tag,https://tcm.ch/?standort=frauenfeld,tcm.ch,200,bewusst nicht indexierbar,,A,keine Aktion,,"Formular-Prefill-Parameter, kanonisiert korrekt auf die Elternseite; seit 10.09. zusaetzlich per robots.txt gesperrt",nein
Alternative Seite mit richtigem kanonischen Tag,https://tcm.ch/?standort=rorschach,tcm.ch,200,bewusst nicht indexierbar,,A,keine Aktion,,"Formular-Prefill-Parameter, kanonisiert korrekt auf die Elternseite; seit 10.09. zusaetzlich per robots.txt gesperrt",nein
Alternative Seite mit richtigem kanonischen Tag,https://tcm.ch/?standort=volketswil,tcm.ch,200,bewusst nicht indexierbar,,A,keine Aktion,,"Formular-Prefill-Parameter, kanonisiert korrekt auf die Elternseite; seit 10.09. zusaetzlich per robots.txt gesperrt",nein
Alternative Seite mit richtigem kanonischen Tag,https://tcm.ch/beschwerden/achillessehne,tcm.ch,200,bewusst nicht indexierbar,,A,keine Aktion,,bewusst konsolidiertes Duplikat (canonicalTo in [slug].astro),nein
Alternative Seite mit richtigem kanonischen Tag,https://tcm.ch/beschwerden/achillessehnenriss,tcm.ch,200,bewusst nicht indexierbar,,A,keine Aktion,,bewusst konsolidiertes Duplikat (canonicalTo in [slug].astro),nein
Alternative Seite mit richtigem kanonischen Tag,https://tcm.ch/beschwerden/anaemie-begleitung,tcm.ch,200,bewusst nicht indexierbar,,A,keine Aktion,,bewusst konsolidiertes Duplikat (canonicalTo in [slug].astro),nein
Alternative Seite mit richtigem kanonischen Tag,https://tcm.ch/beschwerden/bandscheibenvorfall,tcm.ch,200,bewusst nicht indexierbar,,A,keine Aktion,,bewusst konsolidiertes Duplikat (canonicalTo in [slug].astro),nein
Alternative Seite mit richtigem kanonischen Tag,https://tcm.ch/beschwerden/chronische-niereninsuffizienz,tcm.ch,200,bewusst nicht indexierbar,,A,keine Aktion,,bewusst konsolidiertes Duplikat (canonicalTo in [slug].astro),nein
Alternative Seite mit richtigem kanonischen Tag,https://tcm.ch/beschwerden/diabetesmanagement,tcm.ch,200,bewusst nicht indexierbar,,A,keine Aktion,,bewusst konsolidiertes Duplikat (canonicalTo in [slug].astro),nein
Alternative Seite mit richtigem kanonischen Tag,https://tcm.ch/beschwerden/eileiterschwangerschaft,tcm.ch,200,bewusst nicht indexierbar,,A,keine Aktion,,bewusst konsolidiertes Duplikat (canonicalTo in [slug].astro),nein
Alternative Seite mit richtigem kanonischen Tag,https://tcm.ch/beschwerden/eingewachsene-zehennaegel,tcm.ch,200,bewusst nicht indexierbar,,A,keine Aktion,,bewusst konsolidiertes Duplikat (canonicalTo in [slug].astro),nein
Alternative Seite mit richtigem kanonischen Tag,https://tcm.ch/beschwerden/epicondylitis,tcm.ch,200,bewusst nicht indexierbar,,A,keine Aktion,,bewusst konsolidiertes Duplikat (canonicalTo in [slug].astro),nein
Alternative Seite mit richtigem kanonischen Tag,https://tcm.ch/beschwerden/epilepsie,tcm.ch,200,bewusst nicht indexierbar,,A,keine Aktion,,bewusst konsolidiertes Duplikat (canonicalTo in [slug].astro),nein
Alternative Seite mit richtigem kanonischen Tag,https://tcm.ch/beschwerden/erkaeltung,tcm.ch,200,bewusst nicht indexierbar,,A,keine Aktion,,bewusst konsolidiertes Duplikat (canonicalTo in [slug].astro),nein
Alternative Seite mit richtigem kanonischen Tag,https://tcm.ch/beschwerden/glioblastom,tcm.ch,200,bewusst nicht indexierbar,,A,keine Aktion,,bewusst konsolidiertes Duplikat (canonicalTo in [slug].astro),nein
Alternative Seite mit richtigem kanonischen Tag,https://tcm.ch/beschwerden/haemorrhoiden,tcm.ch,200,bewusst nicht indexierbar,,A,keine Aktion,,bewusst konsolidiertes Duplikat (canonicalTo in [slug].astro),nein
Alternative Seite mit richtigem kanonischen Tag,https://tcm.ch/beschwerden/inkontinenz,tcm.ch,200,bewusst nicht indexierbar,,A,keine Aktion,,bewusst konsolidiertes Duplikat (canonicalTo in [slug].astro),nein
Alternative Seite mit richtigem kanonischen Tag,https://tcm.ch/beschwerden/karpaltunnelsyndrom,tcm.ch,200,bewusst nicht indexierbar,,A,keine Aktion,,bewusst konsolidiertes Duplikat (canonicalTo in [slug].astro),nein
Alternative Seite mit richtigem kanonischen Tag,https://tcm.ch/beschwerden/lipoedem,tcm.ch,200,bewusst nicht indexierbar,,A,keine Aktion,,bewusst konsolidiertes Duplikat (canonicalTo in [slug].astro),nein
Alternative Seite mit richtigem kanonischen Tag,https://tcm.ch/beschwerden/lungenkrebs,tcm.ch,200,bewusst nicht indexierbar,,A,keine Aktion,,bewusst konsolidiertes Duplikat (canonicalTo in [slug].astro),nein
Alternative Seite mit richtigem kanonischen Tag,https://tcm.ch/beschwerden/magenkraempfe,tcm.ch,200,bewusst nicht indexierbar,,A,keine Aktion,,bewusst konsolidiertes Duplikat (canonicalTo in [slug].astro),nein
Alternative Seite mit richtigem kanonischen Tag,https://tcm.ch/beschwerden/mesotheliom,tcm.ch,200,bewusst nicht indexierbar,,A,keine Aktion,,bewusst konsolidiertes Duplikat (canonicalTo in [slug].astro),nein
Alternative Seite mit richtigem kanonischen Tag,https://tcm.ch/beschwerden/migraene/rorschach,tcm.ch,200,bewusst nicht indexierbar,,A,keine Aktion,,bewusst konsolidiertes Duplikat (canonicalTo in [slug].astro),nein
Alternative Seite mit richtigem kanonischen Tag,https://tcm.ch/beschwerden/migraene/volketswil,tcm.ch,200,bewusst nicht indexierbar,,A,keine Aktion,,bewusst konsolidiertes Duplikat (canonicalTo in [slug].astro),nein
Alternative Seite mit richtigem kanonischen Tag,https://tcm.ch/beschwerden/migraene/wil,tcm.ch,200,bewusst nicht indexierbar,,A,keine Aktion,,bewusst konsolidiertes Duplikat (canonicalTo in [slug].astro),nein
Alternative Seite mit richtigem kanonischen Tag,https://tcm.ch/beschwerden/migraene/zuerich-hoengg,tcm.ch,200,bewusst nicht indexierbar,,A,keine Aktion,,bewusst konsolidiertes Duplikat (canonicalTo in [slug].astro),nein
Alternative Seite mit richtigem kanonischen Tag,https://tcm.ch/beschwerden/nackenschmerzen/winterthur,tcm.ch,200,bewusst nicht indexierbar,,A,keine Aktion,,bewusst konsolidiertes Duplikat (canonicalTo in [slug].astro),nein
Alternative Seite mit richtigem kanonischen Tag,https://tcm.ch/beschwerden/oestrogenmangel,tcm.ch,200,bewusst nicht indexierbar,,A,keine Aktion,,bewusst konsolidiertes Duplikat (canonicalTo in [slug].astro),nein
Alternative Seite mit richtigem kanonischen Tag,https://tcm.ch/beschwerden/pulmonale-hypertonie,tcm.ch,200,bewusst nicht indexierbar,,A,keine Aktion,,bewusst konsolidiertes Duplikat (canonicalTo in [slug].astro),nein
Alternative Seite mit richtigem kanonischen Tag,https://tcm.ch/beschwerden/rueckenschmerzen/zuerich-hoengg,tcm.ch,200,bewusst nicht indexierbar,,A,keine Aktion,,bewusst konsolidiertes Duplikat (canonicalTo in [slug].astro),nein
Alternative Seite mit richtigem kanonischen Tag,https://tcm.ch/beschwerden/schlafprobleme/winterthur,tcm.ch,200,bewusst nicht indexierbar,,A,keine Aktion,,bewusst konsolidiertes Duplikat (canonicalTo in [slug].astro),nein
Alternative Seite mit richtigem kanonischen Tag,https://tcm.ch/beschwerden/schlafprobleme/zuerich-hoengg,tcm.ch,200,bewusst nicht indexierbar,,A,keine Aktion,,bewusst konsolidiertes Duplikat (canonicalTo in [slug].astro),nein
Alternative Seite mit richtigem kanonischen Tag,https://tcm.ch/beschwerden/schulterbeschwerden,tcm.ch,200,bewusst nicht indexierbar,,A,keine Aktion,,bewusst konsolidiertes Duplikat (canonicalTo in [slug].astro),nein
Alternative Seite mit richtigem kanonischen Tag,https://tcm.ch/beschwerden/skidaumen,tcm.ch,200,bewusst nicht indexierbar,,A,keine Aktion,,bewusst konsolidiertes Duplikat (canonicalTo in [slug].astro),nein
Alternative Seite mit richtigem kanonischen Tag,https://tcm.ch/beschwerden/spannungskopfschmerzen,tcm.ch,200,bewusst nicht indexierbar,,A,keine Aktion,,bewusst konsolidiertes Duplikat (canonicalTo in [slug].astro),nein
Alternative Seite mit richtigem kanonischen Tag,https://tcm.ch/beschwerden/stress-angstzustaende,tcm.ch,200,bewusst nicht indexierbar,,A,keine Aktion,,bewusst konsolidiertes Duplikat (canonicalTo in [slug].astro),nein
Alternative Seite mit richtigem kanonischen Tag,https://tcm.ch/beschwerden/stress-burnout/frauenfeld,tcm.ch,200,bewusst nicht indexierbar,,A,keine Aktion,,bewusst konsolidiertes Duplikat (canonicalTo in [slug].astro),nein
Alternative Seite mit richtigem kanonischen Tag,https://tcm.ch/beschwerden/stress-burnout/zuerich-oerlikon,tcm.ch,200,bewusst nicht indexierbar,,A,keine Aktion,,bewusst konsolidiertes Duplikat (canonicalTo in [slug].astro),nein
Alternative Seite mit richtigem kanonischen Tag,https://tcm.ch/beschwerden/zyklusbeschwerden/kreuzlingen,tcm.ch,200,bewusst nicht indexierbar,,A,keine Aktion,,bewusst konsolidiertes Duplikat (canonicalTo in [slug].astro),nein
Alternative Seite mit richtigem kanonischen Tag,https://tcm.ch/en/contact/?beschwerde=Back Pain,tcm.ch,200,bewusst nicht indexierbar,,A,keine Aktion,,"Formular-Prefill-Parameter, kanonisiert korrekt auf die Elternseite; seit 10.09. zusaetzlich per robots.txt gesperrt",nein
Alternative Seite mit richtigem kanonischen Tag,https://tcm.ch/en/contact/?beschwerde=Digestive Issues,tcm.ch,200,bewusst nicht indexierbar,,A,keine Aktion,,"Formular-Prefill-Parameter, kanonisiert korrekt auf die Elternseite; seit 10.09. zusaetzlich per robots.txt gesperrt",nein
Alternative Seite mit richtigem kanonischen Tag,https://tcm.ch/en/contact/?beschwerde=Fertility Support,tcm.ch,200,bewusst nicht indexierbar,,A,keine Aktion,,"Formular-Prefill-Parameter, kanonisiert korrekt auf die Elternseite; seit 10.09. zusaetzlich per robots.txt gesperrt",nein
Alternative Seite mit richtigem kanonischen Tag,https://tcm.ch/en/contact/?beschwerde=Menstrual %26 Cycle Issues,tcm.ch,200,bewusst nicht indexierbar,,A,keine Aktion,,"Formular-Prefill-Parameter, kanonisiert korrekt auf die Elternseite; seit 10.09. zusaetzlich per robots.txt gesperrt",nein
Alternative Seite mit richtigem kanonischen Tag,https://tcm.ch/en/contact/?beschwerde=Neck Pain,tcm.ch,200,bewusst nicht indexierbar,,A,keine Aktion,,"Formular-Prefill-Parameter, kanonisiert korrekt auf die Elternseite; seit 10.09. zusaetzlich per robots.txt gesperrt",nein
Alternative Seite mit richtigem kanonischen Tag,https://tcm.ch/en/contact/?beschwerde=Sleep Problems,tcm.ch,200,bewusst nicht indexierbar,,A,keine Aktion,,"Formular-Prefill-Parameter, kanonisiert korrekt auf die Elternseite; seit 10.09. zusaetzlich per robots.txt gesperrt",nein
Alternative Seite mit richtigem kanonischen Tag,https://tcm.ch/en/contact/?beschwerde=Stress %26 Burnout,tcm.ch,200,bewusst nicht indexierbar,,A,keine Aktion,,"Formular-Prefill-Parameter, kanonisiert korrekt auf die Elternseite; seit 10.09. zusaetzlich per robots.txt gesperrt",nein
Alternative Seite mit richtigem kanonischen Tag,https://tcm.ch/en/contact/?standort=St. Gallen,tcm.ch,200,bewusst nicht indexierbar,,A,keine Aktion,,"Formular-Prefill-Parameter, kanonisiert korrekt auf die Elternseite; seit 10.09. zusaetzlich per robots.txt gesperrt",nein
Alternative Seite mit richtigem kanonischen Tag,https://tcm.ch/en/contact/?standort=Winterthur Marktgasse,tcm.ch,200,bewusst nicht indexierbar,,A,keine Aktion,,"Formular-Prefill-Parameter, kanonisiert korrekt auf die Elternseite; seit 10.09. zusaetzlich per robots.txt gesperrt",nein
Alternative Seite mit richtigem kanonischen Tag,https://tcm.ch/en/contact/?standort=Z%C3%BCrich Oerlikon,tcm.ch,200,bewusst nicht indexierbar,,A,keine Aktion,,"Formular-Prefill-Parameter, kanonisiert korrekt auf die Elternseite; seit 10.09. zusaetzlich per robots.txt gesperrt",nein
Alternative Seite mit richtigem kanonischen Tag,https://tcm.ch/en/contact/?therapie=Chinese Herbal Medicine,tcm.ch,200,bewusst nicht indexierbar,,A,keine Aktion,,"Formular-Prefill-Parameter, kanonisiert korrekt auf die Elternseite; seit 10.09. zusaetzlich per robots.txt gesperrt",nein
Alternative Seite mit richtigem kanonischen Tag,https://tcm.ch/en/contact/?therapie=Electroacupuncture,tcm.ch,200,bewusst nicht indexierbar,,A,keine Aktion,,"Formular-Prefill-Parameter, kanonisiert korrekt auf die Elternseite; seit 10.09. zusaetzlich per robots.txt gesperrt",nein
Alternative Seite mit richtigem kanonischen Tag,https://tcm.ch/en/contact/?therapie=Facial Acupuncture,tcm.ch,200,bewusst nicht indexierbar,,A,keine Aktion,,"Formular-Prefill-Parameter, kanonisiert korrekt auf die Elternseite; seit 10.09. zusaetzlich per robots.txt gesperrt",nein
Alternative Seite mit richtigem kanonischen Tag,https://tcm.ch/en/contact/?therapie=Gua Sha,tcm.ch,200,bewusst nicht indexierbar,,A,keine Aktion,,"Formular-Prefill-Parameter, kanonisiert korrekt auf die Elternseite; seit 10.09. zusaetzlich per robots.txt gesperrt",nein
Alternative Seite mit richtigem kanonischen Tag,https://tcm.ch/therapien/gua-sha/zuerich-oerlikon,tcm.ch,200,bewusst nicht indexierbar,,A,keine Aktion,,bewusst konsolidiertes Duplikat (canonicalTo in [slug].astro),nein
Alternative Seite mit richtigem kanonischen Tag,https://tcm.ch/therapien/moxibustion/zuerich-hoengg,tcm.ch,200,bewusst nicht indexierbar,,A,keine Aktion,,bewusst konsolidiertes Duplikat (canonicalTo in [slug].astro),nein
Alternative Seite mit richtigem kanonischen Tag,https://tcm.ch/therapien/shiatsu/winterthur,tcm.ch,200,bewusst nicht indexierbar,,A,keine Aktion,,bewusst konsolidiertes Duplikat (canonicalTo in [slug].astro),nein
Alternative Seite mit richtigem kanonischen Tag,https://tcm.ch/therapien/tuina/wil,tcm.ch,200,bewusst nicht indexierbar,,A,keine Aktion,,bewusst konsolidiertes Duplikat (canonicalTo in [slug].astro),nein
Alternative Seite mit richtigem kanonischen Tag,https://tcm.ch/wissen/kinderwunsch-tcm-st-gallen-ostschweiz,tcm.ch,200,bewusst nicht indexierbar,,A,keine Aktion,,bewusst konsolidiertes Duplikat (canonicalTo in [slug].astro),nein
"Durch ""noindex""-Tag ausgeschlossen",https://tcm.ch/gesundheitsbibliothek/tcm-verstehen/diagnostik/,tcm.ch,200,indexierbar bzw. extern,,E,"Entscheid dokumentiert, noindex beibehalten",,"TCM-verstehen Sektionsseite: Architektur vor Inhalt angelegt; bleibt noindex,follow bis eigenstaendiger Inhalt existiert",nein
"Durch ""noindex""-Tag ausgeschlossen",https://tcm.ch/gesundheitsbibliothek/tcm-verstehen/meridiane-punkte/,tcm.ch,200,indexierbar bzw. extern,,E,"Entscheid dokumentiert, noindex beibehalten",,"TCM-verstehen Sektionsseite: Architektur vor Inhalt angelegt; bleibt noindex,follow bis eigenstaendiger Inhalt existiert",nein
"Durch ""noindex""-Tag ausgeschlossen",https://tcm.ch/gesundheitsbibliothek/tcm-verstehen/muster/,tcm.ch,200,indexierbar bzw. extern,,E,"Entscheid dokumentiert, noindex beibehalten",,"TCM-verstehen Sektionsseite: Architektur vor Inhalt angelegt; bleibt noindex,follow bis eigenstaendiger Inhalt existiert",nein
"Durch ""noindex""-Tag ausgeschlossen",https://tcm.ch/visuals/,tcm.ch,200,bewusst nicht indexierbar,,A,noindex beibehalten,,"Visual Library ist ein Patienten-Kommunikationstool, bewusst noindex,follow",nein
"Durch ""noindex""-Tag ausgeschlossen",https://tcm.ch/visuals/bandscheibenvorfall-hws/,tcm.ch,200,bewusst nicht indexierbar,,A,noindex beibehalten,,"Visual Library ist ein Patienten-Kommunikationstool, bewusst noindex,follow",nein
"Durch ""noindex""-Tag ausgeschlossen",https://tcm.ch/visuals/bandscheibenvorfall-hws/handout/?print=1,tcm.ch,200,bewusst nicht indexierbar,,A,noindex beibehalten,,"Visual Library ist ein Patienten-Kommunikationstool, bewusst noindex,follow",nein
"Durch ""noindex""-Tag ausgeschlossen",https://tcm.ch/visuals/bandscheibenvorfall-lws/,tcm.ch,200,bewusst nicht indexierbar,,A,noindex beibehalten,,"Visual Library ist ein Patienten-Kommunikationstool, bewusst noindex,follow",nein
"Durch ""noindex""-Tag ausgeschlossen",https://tcm.ch/visuals/bandscheibenvorfall-lws/handout/?print=1,tcm.ch,200,bewusst nicht indexierbar,,A,noindex beibehalten,,"Visual Library ist ein Patienten-Kommunikationstool, bewusst noindex,follow",nein
"Durch ""noindex""-Tag ausgeschlossen",https://tcm.ch/visuals/ischias/,tcm.ch,200,bewusst nicht indexierbar,,A,noindex beibehalten,,"Visual Library ist ein Patienten-Kommunikationstool, bewusst noindex,follow",nein
"Durch ""noindex""-Tag ausgeschlossen",https://tcm.ch/visuals/ischias/handout/?print=1,tcm.ch,200,bewusst nicht indexierbar,,A,noindex beibehalten,,"Visual Library ist ein Patienten-Kommunikationstool, bewusst noindex,follow",nein
"Durch ""noindex""-Tag ausgeschlossen",https://tcm.ch/visuals/karpaltunnel/,tcm.ch,200,bewusst nicht indexierbar,,A,noindex beibehalten,,"Visual Library ist ein Patienten-Kommunikationstool, bewusst noindex,follow",nein
"Durch ""noindex""-Tag ausgeschlossen",https://tcm.ch/visuals/karpaltunnel/handout/?print=1,tcm.ch,200,bewusst nicht indexierbar,,A,noindex beibehalten,,"Visual Library ist ein Patienten-Kommunikationstool, bewusst noindex,follow",nein
"Durch ""noindex""-Tag ausgeschlossen",https://tcm.ch/visuals/nacken-ausstrahlung/handout/?print=1,tcm.ch,200,bewusst nicht indexierbar,,A,noindex beibehalten,,"Visual Library ist ein Patienten-Kommunikationstool, bewusst noindex,follow",nein
Durch robots.txt-Datei blockiert,https://tcm.ch/?standort=wil,tcm.ch,n/a (robots),bewusst nicht indexierbar,,A,keine Aktion,,"Parameter-Policy vom 10.09.2026, wirkt wie vorgesehen",nein
Gecrawlt – zurzeit nicht indexiert,https://ouch.tcm.ch/mitmachen/,ouch.tcm.ch,200,indexierbar bzw. extern,,E,keine Aktion,,"OUCH. ist eine eigene Publikation auf einer Subdomain; Google-Discovery/Quality-Wait, kein technischer Defekt",nein
Gecrawlt – zurzeit nicht indexiert,https://ouch.tcm.ch/redaktion/,ouch.tcm.ch,200,indexierbar bzw. extern,,E,keine Aktion,,"OUCH. ist eine eigene Publikation auf einer Subdomain; Google-Discovery/Quality-Wait, kein technischer Defekt",nein
Gecrawlt – zurzeit nicht indexiert,https://tcm.ch/beschwerden/analfisteln,tcm.ch,200,entfernt,,D,410/404 beibehalten,,historische Seite ohne verifizierten Nachfolger,ja
Gecrawlt – zurzeit nicht indexiert,https://tcm.ch/beschwerden/chemotherapie,tcm.ch,200,entfernt,,D,410/404 beibehalten,,historische Seite ohne verifizierten Nachfolger,ja
Gecrawlt – zurzeit nicht indexiert,https://tcm.ch/beschwerden/ischias,tcm.ch,200,bewusst nicht indexierbar,https://tcm.ch/beschwerden/ischias/,A,keine Aktion,https://tcm.ch/beschwerden/ischias/,"Nicht-Slash-Variante einer lebenden Seite; leitet live korrekt weiter, Export-Stand veraltet",nein
Gecrawlt – zurzeit nicht indexiert,https://tcm.ch/beschwerden/nasenbluten,tcm.ch,200,entfernt,,D,410/404 beibehalten,,historische Seite ohne verifizierten Nachfolger,ja
Gecrawlt – zurzeit nicht indexiert,https://tcm.ch/beschwerden/parkinson,tcm.ch,200,entfernt,,D,410/404 beibehalten,,historische Seite ohne verifizierten Nachfolger,ja
Gecrawlt – zurzeit nicht indexiert,https://tcm.ch/beschwerden/rotatorenmanschette,tcm.ch,200,bewusst nicht indexierbar,https://tcm.ch/beschwerden/rotatorenmanschette/,A,keine Aktion,https://tcm.ch/beschwerden/rotatorenmanschette/,"Nicht-Slash-Variante einer lebenden Seite; leitet live korrekt weiter, Export-Stand veraltet",nein
Gecrawlt – zurzeit nicht indexiert,https://tcm.ch/beschwerden/sodbrennen-reflux,tcm.ch,200,entfernt,,D,410/404 beibehalten,,historische Seite ohne verifizierten Nachfolger,ja
Gecrawlt – zurzeit nicht indexiert,https://tcm.ch/therapien/akupunktur/laserakupunktur/,tcm.ch,200,indexierbar bzw. extern,,E,keine Aktion,,Akupunkturverfahren-Cluster ist laut Live-Pruefung inzwischen indexiert; Export-Stand veraltet,nein
Gecrawlt – zurzeit nicht indexiert,https://tcm.ch/therapien/akupunktur/schaedelakupunktur/,tcm.ch,200,indexierbar bzw. extern,,E,keine Aktion,,Akupunkturverfahren-Cluster ist laut Live-Pruefung inzwischen indexiert; Export-Stand veraltet,nein
Gecrawlt – zurzeit nicht indexiert,https://tcm.ch/therapien/akupunktur/verfahren/,tcm.ch,200,indexierbar bzw. extern,,E,keine Aktion,,Akupunkturverfahren-Cluster ist laut Live-Pruefung inzwischen indexiert; Export-Stand veraltet,nein
Gecrawlt – zurzeit nicht indexiert,https://tcm.ch/therapien/akupunktur/ynsa/,tcm.ch,200,indexierbar bzw. extern,,E,keine Aktion,,Akupunkturverfahren-Cluster ist laut Live-Pruefung inzwischen indexiert; Export-Stand veraltet,nein
Gecrawlt – zurzeit nicht indexiert,https://tcm.ch/therapien/gua-sha/basel,tcm.ch,200,entfernt,,D,410 beibehalten,,"Doorway-Kombination, bewusst entfernt",nein
Gecrawlt – zurzeit nicht indexiert,https://tcm.ch/therapien/physiotherapie/zuerich-hoengg,tcm.ch,200,entfernt,,D,410 beibehalten,,"Doorway-Kombination, bewusst entfernt",nein
Gecrawlt – zurzeit nicht indexiert,https://tcm.ch/wissen/akupunktur-winterthur-kosten-krankenkasse,tcm.ch,200,entfernt,,D,410/404 beibehalten,,historische Seite ohne verifizierten Nachfolger,ja
Gecrawlt – zurzeit nicht indexiert,https://www.tcm.ch/standorte/,www.tcm.ch,200,entfernt,,D,410/404 beibehalten,,historische Seite ohne verifizierten Nachfolger,ja
Gefunden – zurzeit nicht indexiert,https://ouch.tcm.ch/insights/90-minuten-heuschnupfen/,ouch.tcm.ch,200,indexierbar bzw. extern,,E,keine Aktion,,"OUCH. ist eine eigene Publikation auf einer Subdomain; Google-Discovery/Quality-Wait, kein technischer Defekt",nein
Gefunden – zurzeit nicht indexiert,https://ouch.tcm.ch/insights/acu-land-nach-der-behandlung/,ouch.tcm.ch,200,indexierbar bzw. extern,,E,keine Aktion,,"OUCH. ist eine eigene Publikation auf einer Subdomain; Google-Discovery/Quality-Wait, kein technischer Defekt",nein
Gefunden – zurzeit nicht indexiert,https://ouch.tcm.ch/insights/akupunktur-nebenwirkungen/,ouch.tcm.ch,200,indexierbar bzw. extern,,E,keine Aktion,,"OUCH. ist eine eigene Publikation auf einer Subdomain; Google-Discovery/Quality-Wait, kein technischer Defekt",nein
Gefunden – zurzeit nicht indexiert,https://ouch.tcm.ch/insights/akupunktur-schwangerschaft/,ouch.tcm.ch,200,indexierbar bzw. extern,,E,keine Aktion,,"OUCH. ist eine eigene Publikation auf einer Subdomain; Google-Discovery/Quality-Wait, kein technischer Defekt",nein
Gefunden – zurzeit nicht indexiert,https://ouch.tcm.ch/insights/archaik-check-blutegel-bienengift-baunscheidt/,ouch.tcm.ch,200,indexierbar bzw. extern,,E,keine Aktion,,"OUCH. ist eine eigene Publikation auf einer Subdomain; Google-Discovery/Quality-Wait, kein technischer Defekt",nein
Gefunden – zurzeit nicht indexiert,https://ouch.tcm.ch/insights/aristolochia-kapitel/,ouch.tcm.ch,200,indexierbar bzw. extern,,E,keine Aktion,,"OUCH. ist eine eigene Publikation auf einer Subdomain; Google-Discovery/Quality-Wait, kein technischer Defekt",nein
Gefunden – zurzeit nicht indexiert,https://ouch.tcm.ch/insights/blutiges-schroepfen-kantonschaos/,ouch.tcm.ch,200,indexierbar bzw. extern,,E,keine Aktion,,"OUCH. ist eine eigene Publikation auf einer Subdomain; Google-Discovery/Quality-Wait, kein technischer Defekt",nein
Gefunden – zurzeit nicht indexiert,https://ouch.tcm.ch/insights/dinge-die-patienten-fragen/,ouch.tcm.ch,200,indexierbar bzw. extern,,E,keine Aktion,,"OUCH. ist eine eigene Publikation auf einer Subdomain; Google-Discovery/Quality-Wait, kein technischer Defekt",nein
Gefunden – zurzeit nicht indexiert,https://ouch.tcm.ch/insights/dolmetscher-luecke/,ouch.tcm.ch,200,indexierbar bzw. extern,,E,keine Aktion,,"OUCH. ist eine eigene Publikation auf einer Subdomain; Google-Discovery/Quality-Wait, kein technischer Defekt",nein
Gefunden – zurzeit nicht indexiert,https://ouch.tcm.ch/insights/elektroakupunktur/,ouch.tcm.ch,200,indexierbar bzw. extern,,E,keine Aktion,,"OUCH. ist eine eigene Publikation auf einer Subdomain; Google-Discovery/Quality-Wait, kein technischer Defekt",nein
Gefunden – zurzeit nicht indexiert,https://ouch.tcm.ch/insights/emr-asca-labyrinth/,ouch.tcm.ch,200,indexierbar bzw. extern,,E,keine Aktion,,"OUCH. ist eine eigene Publikation auf einer Subdomain; Google-Discovery/Quality-Wait, kein technischer Defekt",nein
Gefunden – zurzeit nicht indexiert,https://ouch.tcm.ch/insights/erstgespraech-bingo/,ouch.tcm.ch,200,indexierbar bzw. extern,,E,keine Aktion,,"OUCH. ist eine eigene Publikation auf einer Subdomain; Google-Discovery/Quality-Wait, kein technischer Defekt",nein
Gefunden – zurzeit nicht indexiert,https://ouch.tcm.ch/insights/gua-sha-jugendamt/,ouch.tcm.ch,200,indexierbar bzw. extern,,E,keine Aktion,,"OUCH. ist eine eigene Publikation auf einer Subdomain; Google-Discovery/Quality-Wait, kein technischer Defekt",nein
Gefunden – zurzeit nicht indexiert,https://ouch.tcm.ch/insights/kantons-lotterie/,ouch.tcm.ch,200,indexierbar bzw. extern,,E,keine Aktion,,"OUCH. ist eine eigene Publikation auf einer Subdomain; Google-Discovery/Quality-Wait, kein technischer Defekt",nein
Gefunden – zurzeit nicht indexiert,https://ouch.tcm.ch/insights/moxa-und-der-rauchmelder/,ouch.tcm.ch,200,indexierbar bzw. extern,,E,keine Aktion,,"OUCH. ist eine eigene Publikation auf einer Subdomain; Google-Discovery/Quality-Wait, kein technischer Defekt",nein
Gefunden – zurzeit nicht indexiert,https://ouch.tcm.ch/insights/nadelphobie/,ouch.tcm.ch,200,indexierbar bzw. extern,,E,keine Aktion,,"OUCH. ist eine eigene Publikation auf einer Subdomain; Google-Discovery/Quality-Wait, kein technischer Defekt",nein
Gefunden – zurzeit nicht indexiert,https://ouch.tcm.ch/insights/ohrakupunktur-nada/,ouch.tcm.ch,200,indexierbar bzw. extern,,E,keine Aktion,,"OUCH. ist eine eigene Publikation auf einer Subdomain; Google-Discovery/Quality-Wait, kein technischer Defekt",nein
Gefunden – zurzeit nicht indexiert,https://ouch.tcm.ch/insights/pulsdiagnose-28-geschichten/,ouch.tcm.ch,200,indexierbar bzw. extern,,E,keine Aktion,,"OUCH. ist eine eigene Publikation auf einer Subdomain; Google-Discovery/Quality-Wait, kein technischer Defekt",nein
Gefunden – zurzeit nicht indexiert,https://ouch.tcm.ch/insights/schroepfen-kreise/,ouch.tcm.ch,200,indexierbar bzw. extern,,E,keine Aktion,,"OUCH. ist eine eigene Publikation auf einer Subdomain; Google-Discovery/Quality-Wait, kein technischer Defekt",nein
Gefunden – zurzeit nicht indexiert,https://ouch.tcm.ch/insights/titel-den-jeder-tragen-darf/,ouch.tcm.ch,200,indexierbar bzw. extern,,E,keine Aktion,,"OUCH. ist eine eigene Publikation auf einer Subdomain; Google-Discovery/Quality-Wait, kein technischer Defekt",nein
Gefunden – zurzeit nicht indexiert,https://ouch.tcm.ch/insights/tuina-massage/,ouch.tcm.ch,200,indexierbar bzw. extern,,E,keine Aktion,,"OUCH. ist eine eigene Publikation auf einer Subdomain; Google-Discovery/Quality-Wait, kein technischer Defekt",nein
Gefunden – zurzeit nicht indexiert,https://ouch.tcm.ch/insights/was-die-krankenkasse-denkt/,ouch.tcm.ch,200,indexierbar bzw. extern,,E,keine Aktion,,"OUCH. ist eine eigene Publikation auf einer Subdomain; Google-Discovery/Quality-Wait, kein technischer Defekt",nein
Gefunden – zurzeit nicht indexiert,https://ouch.tcm.ch/insights/was-kostet-tcm/,ouch.tcm.ch,200,indexierbar bzw. extern,,E,keine Aktion,,"OUCH. ist eine eigene Publikation auf einer Subdomain; Google-Discovery/Quality-Wait, kein technischer Defekt",nein
Gefunden – zurzeit nicht indexiert,https://ouch.tcm.ch/insights/wetter-im-knie/,ouch.tcm.ch,200,indexierbar bzw. extern,,E,keine Aktion,,"OUCH. ist eine eigene Publikation auf einer Subdomain; Google-Discovery/Quality-Wait, kein technischer Defekt",nein
Gefunden – zurzeit nicht indexiert,https://ouch.tcm.ch/insights/zungendiagnose-selbstversuch/,ouch.tcm.ch,200,indexierbar bzw. extern,,E,keine Aktion,,"OUCH. ist eine eigene Publikation auf einer Subdomain; Google-Discovery/Quality-Wait, kein technischer Defekt",nein
Gefunden – zurzeit nicht indexiert,https://tcm.ch/beschwerden/achillessehnenentzuendung/,tcm.ch,410,nicht indexierbar (410),,B,"410 beibehalten, aus Sitemap entfernen",,stand faelschlich in der Sitemap und lieferte 410 — der eine echte Bug dieses Audits,ja
Gefunden – zurzeit nicht indexiert,https://tcm.ch/beschwerden/kalkschulter/,tcm.ch,410,nicht indexierbar (410),,B,"410 beibehalten, aus Sitemap entfernen",,stand faelschlich in der Sitemap und lieferte 410 — der eine echte Bug dieses Audits,ja
Gefunden – zurzeit nicht indexiert,https://tcm.ch/haut/couperose/,tcm.ch,200,indexierbar bzw. extern,,E,keine Aktion,,laut Live-Pruefung inzwischen indexiert; Export-Stand veraltet,nein
Gefunden – zurzeit nicht indexiert,https://tcm.ch/haut/pigmentflecken/,tcm.ch,200,indexierbar bzw. extern,,E,keine Aktion,,laut Live-Pruefung inzwischen indexiert; Export-Stand veraltet,nein
Nicht gefunden (404),http://www.tcm.ch/SMS/online.html,www.tcm.ch,404/410,indexierbar bzw. extern,,E,keine Aktion,,"Infrastruktur-/Legacy-Muell, keine Seite",nein
Nicht gefunden (404),https://tcm.ch/38Cbzum,tcm.ch,404/410,indexierbar bzw. extern,,E,keine Aktion,,"Infrastruktur-/Legacy-Muell, keine Seite",nein
Nicht gefunden (404),https://tcm.ch/3c4M2Gc,tcm.ch,404/410,indexierbar bzw. extern,,E,keine Aktion,,"Infrastruktur-/Legacy-Muell, keine Seite",nein
Nicht gefunden (404),https://tcm.ch/api/anfrage,tcm.ch,404/410,indexierbar bzw. extern,,E,keine Aktion,,"Infrastruktur-/Legacy-Muell, keine Seite",nein
Nicht gefunden (404),https://tcm.ch/beschwerden/anpassungsstoerungen,tcm.ch,404/410,entfernt,,D,404 beibehalten,,"Beschwerdebild aus der Vor-Migrations-Site; kein exakter Nachfolger, bewusst nicht wiederbelebt",ja
Nicht gefunden (404),https://tcm.ch/beschwerden/asthma,tcm.ch,404/410,entfernt,,D,404 beibehalten,,"Beschwerdebild aus der Vor-Migrations-Site; kein exakter Nachfolger, bewusst nicht wiederbelebt",ja
Nicht gefunden (404),https://tcm.ch/beschwerden/atemnot,tcm.ch,404/410,entfernt,,D,404 beibehalten,,"Beschwerdebild aus der Vor-Migrations-Site; kein exakter Nachfolger, bewusst nicht wiederbelebt",ja
Nicht gefunden (404),https://tcm.ch/beschwerden/blaehbauch,tcm.ch,404/410,entfernt,,D,404 beibehalten,,"Beschwerdebild aus der Vor-Migrations-Site; kein exakter Nachfolger, bewusst nicht wiederbelebt",ja
Nicht gefunden (404),https://tcm.ch/beschwerden/bulimie,tcm.ch,404/410,entfernt,,D,404 beibehalten,,"Beschwerdebild aus der Vor-Migrations-Site; kein exakter Nachfolger, bewusst nicht wiederbelebt",ja
Nicht gefunden (404),https://tcm.ch/beschwerden/chronische-entzuendungen,tcm.ch,404/410,entfernt,,D,404 beibehalten,,"Beschwerdebild aus der Vor-Migrations-Site; kein exakter Nachfolger, bewusst nicht wiederbelebt",ja
Nicht gefunden (404),https://tcm.ch/beschwerden/diabetes,tcm.ch,404/410,entfernt,,D,404 beibehalten,,"Beschwerdebild aus der Vor-Migrations-Site; kein exakter Nachfolger, bewusst nicht wiederbelebt",ja
Nicht gefunden (404),https://tcm.ch/beschwerden/endometriose,tcm.ch,404/410,entfernt,,D,404 beibehalten,,"Beschwerdebild aus der Vor-Migrations-Site; kein exakter Nachfolger, bewusst nicht wiederbelebt",ja
Nicht gefunden (404),https://tcm.ch/beschwerden/energiemangel-fatigue,tcm.ch,404/410,entfernt,,D,404 beibehalten,,"Beschwerdebild aus der Vor-Migrations-Site; kein exakter Nachfolger, bewusst nicht wiederbelebt",ja
Nicht gefunden (404),https://tcm.ch/beschwerden/epstein-barr-virus,tcm.ch,404/410,entfernt,,D,404 beibehalten,,"Beschwerdebild aus der Vor-Migrations-Site; kein exakter Nachfolger, bewusst nicht wiederbelebt",ja
Nicht gefunden (404),https://tcm.ch/beschwerden/essstoerungen,tcm.ch,404/410,entfernt,,D,404 beibehalten,,"Beschwerdebild aus der Vor-Migrations-Site; kein exakter Nachfolger, bewusst nicht wiederbelebt",ja
Nicht gefunden (404),https://tcm.ch/beschwerden/fersensporn,tcm.ch,404/410,entfernt,,D,404 beibehalten,,"Beschwerdebild aus der Vor-Migrations-Site; kein exakter Nachfolger, bewusst nicht wiederbelebt",ja
Nicht gefunden (404),https://tcm.ch/beschwerden/geschmacks-geruchsstoerungen,tcm.ch,404/410,entfernt,,D,404 beibehalten,,"Beschwerdebild aus der Vor-Migrations-Site; kein exakter Nachfolger, bewusst nicht wiederbelebt",ja
Nicht gefunden (404),https://tcm.ch/beschwerden/gruener-star,tcm.ch,404/410,entfernt,,D,404 beibehalten,,"Beschwerdebild aus der Vor-Migrations-Site; kein exakter Nachfolger, bewusst nicht wiederbelebt",ja
Nicht gefunden (404),https://tcm.ch/beschwerden/herzrhythmustoerungen,tcm.ch,404/410,entfernt,,D,404 beibehalten,,"Beschwerdebild aus der Vor-Migrations-Site; kein exakter Nachfolger, bewusst nicht wiederbelebt",ja
Nicht gefunden (404),https://tcm.ch/beschwerden/hitzewallungen,tcm.ch,404/410,entfernt,,D,404 beibehalten,,"Beschwerdebild aus der Vor-Migrations-Site; kein exakter Nachfolger, bewusst nicht wiederbelebt",ja
Nicht gefunden (404),https://tcm.ch/beschwerden/hyperhidrose,tcm.ch,404/410,entfernt,,D,404 beibehalten,,"Beschwerdebild aus der Vor-Migrations-Site; kein exakter Nachfolger, bewusst nicht wiederbelebt",ja
Nicht gefunden (404),https://tcm.ch/beschwerden/kinderwunsch/rorschach,tcm.ch,404/410,entfernt,,C,410/404 beibehalten,,"Stadt-/Doorway-Kombination, bewusst entfernt",nein
Nicht gefunden (404),https://tcm.ch/beschwerden/krampfadern,tcm.ch,404/410,entfernt,,D,404 beibehalten,,"Beschwerdebild aus der Vor-Migrations-Site; kein exakter Nachfolger, bewusst nicht wiederbelebt",ja
Nicht gefunden (404),https://tcm.ch/beschwerden/muskeldystrophien,tcm.ch,404/410,entfernt,,D,404 beibehalten,,"Beschwerdebild aus der Vor-Migrations-Site; kein exakter Nachfolger, bewusst nicht wiederbelebt",ja
Nicht gefunden (404),https://tcm.ch/beschwerden/nackenschmerzen/basel,tcm.ch,404/410,entfernt,,C,410/404 beibehalten,,"Stadt-/Doorway-Kombination, bewusst entfernt",nein
Nicht gefunden (404),https://tcm.ch/beschwerden/naechtliches-schwitzen,tcm.ch,404/410,entfernt,,D,404 beibehalten,,"Beschwerdebild aus der Vor-Migrations-Site; kein exakter Nachfolger, bewusst nicht wiederbelebt",ja
Nicht gefunden (404),https://tcm.ch/beschwerden/narben-keloid,tcm.ch,404/410,entfernt,,D,404 beibehalten,,"Beschwerdebild aus der Vor-Migrations-Site; kein exakter Nachfolger, bewusst nicht wiederbelebt",ja
Nicht gefunden (404),https://tcm.ch/beschwerden/nervenschmerzen,tcm.ch,404/410,entfernt,,D,404 beibehalten,,"Beschwerdebild aus der Vor-Migrations-Site; kein exakter Nachfolger, bewusst nicht wiederbelebt",ja
Nicht gefunden (404),https://tcm.ch/beschwerden/pcos,tcm.ch,404/410,entfernt,,D,404 beibehalten,,"Beschwerdebild aus der Vor-Migrations-Site; kein exakter Nachfolger, bewusst nicht wiederbelebt",ja
Nicht gefunden (404),https://tcm.ch/beschwerden/polytrauma,tcm.ch,404/410,entfernt,,D,404 beibehalten,,"Beschwerdebild aus der Vor-Migrations-Site; kein exakter Nachfolger, bewusst nicht wiederbelebt",ja
Nicht gefunden (404),https://tcm.ch/beschwerden/sarkoidose,tcm.ch,404/410,entfernt,,D,404 beibehalten,,"Beschwerdebild aus der Vor-Migrations-Site; kein exakter Nachfolger, bewusst nicht wiederbelebt",ja
Nicht gefunden (404),https://tcm.ch/beschwerden/schmerzmanagement,tcm.ch,404/410,entfernt,,D,404 beibehalten,,"Beschwerdebild aus der Vor-Migrations-Site; kein exakter Nachfolger, bewusst nicht wiederbelebt",ja
Nicht gefunden (404),https://tcm.ch/beschwerden/spinaliom,tcm.ch,404/410,entfernt,,D,404 beibehalten,,"Beschwerdebild aus der Vor-Migrations-Site; kein exakter Nachfolger, bewusst nicht wiederbelebt",ja
Nicht gefunden (404),https://tcm.ch/beschwerden/sprunggelenkschmerzen,tcm.ch,404/410,entfernt,,D,404 beibehalten,,"Beschwerdebild aus der Vor-Migrations-Site; kein exakter Nachfolger, bewusst nicht wiederbelebt",ja
Nicht gefunden (404),https://tcm.ch/beschwerden/stress-burnout/zuerich-city,tcm.ch,404/410,entfernt,,C,410/404 beibehalten,,"Stadt-/Doorway-Kombination, bewusst entfernt",nein
Nicht gefunden (404),https://tcm.ch/beschwerden/syringomyelie,tcm.ch,404/410,entfernt,,D,404 beibehalten,,"Beschwerdebild aus der Vor-Migrations-Site; kein exakter Nachfolger, bewusst nicht wiederbelebt",ja
Nicht gefunden (404),https://tcm.ch/beschwerden/verdauungsprobleme/frauenfeld,tcm.ch,404/410,entfernt,,C,410/404 beibehalten,,"Stadt-/Doorway-Kombination, bewusst entfernt",nein
Nicht gefunden (404),https://tcm.ch/beschwerden/verdauungsprobleme/kreuzlingen,tcm.ch,404/410,entfernt,,C,410/404 beibehalten,,"Stadt-/Doorway-Kombination, bewusst entfernt",nein
Nicht gefunden (404),https://tcm.ch/beschwerden/wadenschmerzen,tcm.ch,404/410,entfernt,,D,404 beibehalten,,"Beschwerdebild aus der Vor-Migrations-Site; kein exakter Nachfolger, bewusst nicht wiederbelebt",ja
Nicht gefunden (404),https://tcm.ch/beschwerden/zystische-fibrose,tcm.ch,404/410,entfernt,,D,404 beibehalten,,"Beschwerdebild aus der Vor-Migrations-Site; kein exakter Nachfolger, bewusst nicht wiederbelebt",ja
Nicht gefunden (404),https://tcm.ch/krankenkassen/css,tcm.ch,404/410,entfernt,,D,404 beibehalten,,kein verifizierter Nachfolger,nein
Nicht gefunden (404),https://tcm.ch/therapien/akupressur/kreuzlingen,tcm.ch,404/410,entfernt,,C,410/404 beibehalten,,"Stadt-/Doorway-Kombination, bewusst entfernt",nein
Nicht gefunden (404),https://tcm.ch/therapien/akupressur/volketswil,tcm.ch,404/410,entfernt,,C,410/404 beibehalten,,"Stadt-/Doorway-Kombination, bewusst entfernt",nein
Nicht gefunden (404),https://tcm.ch/therapien/akupunktur/st-gallen,tcm.ch,404/410,entfernt,,C,410/404 beibehalten,,"Stadt-/Doorway-Kombination, bewusst entfernt",nein
Nicht gefunden (404),https://tcm.ch/therapien/akupunktur/zuerich-city,tcm.ch,404/410,entfernt,,C,410/404 beibehalten,,"Stadt-/Doorway-Kombination, bewusst entfernt",nein
Nicht gefunden (404),https://tcm.ch/therapien/elektroakupunktur/st-gallen,tcm.ch,404/410,entfernt,,C,410/404 beibehalten,,"Stadt-/Doorway-Kombination, bewusst entfernt",nein
Nicht gefunden (404),https://tcm.ch/therapien/physiotherapie/kreuzlingen,tcm.ch,404/410,entfernt,,C,410/404 beibehalten,,"Stadt-/Doorway-Kombination, bewusst entfernt",nein
Nicht gefunden (404),https://tcm.ch/therapien/tuina/basel,tcm.ch,404/410,entfernt,,C,410/404 beibehalten,,"Stadt-/Doorway-Kombination, bewusst entfernt",nein
Nicht gefunden (404),https://tcm.ch/wissen/akupunktur-angst-panik-st-gallen,tcm.ch,404/410,entfernt,,D,404 beibehalten,,altes Wissen-Doorway ohne inhaltlich gleichwertigen Nachfolger,nein
Nicht gefunden (404),https://tcm.ch/wissen/akupunktur-schwangerschaft-st-gallen,tcm.ch,404/410,entfernt,,D,404 beibehalten,,altes Wissen-Doorway ohne inhaltlich gleichwertigen Nachfolger,nein
Nicht gefunden (404),https://tcm.ch/wissen/akupunktur-zuerich-erfahrungen-ablauf,tcm.ch,404/410,entfernt,,D,404 beibehalten,,altes Wissen-Doorway ohne inhaltlich gleichwertigen Nachfolger,nein
Nicht gefunden (404),https://tcm.ch/wissen/akupunktur-zuerich-kosten-krankenkasse,tcm.ch,404/410,entfernt,,D,404 beibehalten,,altes Wissen-Doorway ohne inhaltlich gleichwertigen Nachfolger,nein
Nicht gefunden (404),https://www.tcm.ch/Dhyana/Datenschutzerklaerung.pdf,www.tcm.ch,404/410,indexierbar bzw. extern,,E,keine Aktion,,"Infrastruktur-/Legacy-Muell, keine Seite",nein
Seite mit Weiterleitung,http://tcm.ch/,tcm.ch,301/308,bewusst nicht indexierbar,,A,keine Aktion,,"Slash-/Host-Normalisierung, erwartetes Verhalten; live verifiziert: 428/428 Nicht-Slash-Routen leiten in einem Hop weiter",nein
Seite mit Weiterleitung,http://www.tcm.ch/,www.tcm.ch,301/308,bewusst nicht indexierbar,,A,keine Aktion,,"Slash-/Host-Normalisierung, erwartetes Verhalten; live verifiziert: 428/428 Nicht-Slash-Routen leiten in einem Hop weiter",nein
Seite mit Weiterleitung,https://tcm.ch/agb,tcm.ch,301/308,bewusst nicht indexierbar,,A,keine Aktion,,"Slash-/Host-Normalisierung, erwartetes Verhalten; live verifiziert: 428/428 Nicht-Slash-Routen leiten in einem Hop weiter",nein
Seite mit Weiterleitung,https://tcm.ch/akupunktur-tcm-winterthur/,tcm.ch,301/308,bewusst nicht indexierbar,,A,keine Aktion,,"Slash-/Host-Normalisierung, erwartetes Verhalten; live verifiziert: 428/428 Nicht-Slash-Routen leiten in einem Hop weiter",nein
Seite mit Weiterleitung,https://tcm.ch/beschwerden,tcm.ch,301/308,bewusst nicht indexierbar,,A,keine Aktion,,"Slash-/Host-Normalisierung, erwartetes Verhalten; live verifiziert: 428/428 Nicht-Slash-Routen leiten in einem Hop weiter",nein
Seite mit Weiterleitung,https://tcm.ch/beschwerden/burnout,tcm.ch,301/308,bewusst nicht indexierbar,,A,keine Aktion,,"Slash-/Host-Normalisierung, erwartetes Verhalten; live verifiziert: 428/428 Nicht-Slash-Routen leiten in einem Hop weiter",nein
Seite mit Weiterleitung,https://tcm.ch/beschwerden/kinderwunsch,tcm.ch,301/308,bewusst nicht indexierbar,,A,keine Aktion,,"Slash-/Host-Normalisierung, erwartetes Verhalten; live verifiziert: 428/428 Nicht-Slash-Routen leiten in einem Hop weiter",nein
Seite mit Weiterleitung,https://tcm.ch/beschwerden/kopfschmerzen,tcm.ch,301/308,bewusst nicht indexierbar,,A,keine Aktion,,"Slash-/Host-Normalisierung, erwartetes Verhalten; live verifiziert: 428/428 Nicht-Slash-Routen leiten in einem Hop weiter",nein
Seite mit Weiterleitung,https://tcm.ch/beschwerden/migraene,tcm.ch,301/308,bewusst nicht indexierbar,,A,keine Aktion,,"Slash-/Host-Normalisierung, erwartetes Verhalten; live verifiziert: 428/428 Nicht-Slash-Routen leiten in einem Hop weiter",nein
Seite mit Weiterleitung,https://tcm.ch/beschwerden/nackenschmerzen,tcm.ch,301/308,bewusst nicht indexierbar,,A,keine Aktion,,"Slash-/Host-Normalisierung, erwartetes Verhalten; live verifiziert: 428/428 Nicht-Slash-Routen leiten in einem Hop weiter",nein
Seite mit Weiterleitung,https://tcm.ch/beschwerden/rueckenschmerzen,tcm.ch,301/308,bewusst nicht indexierbar,,A,keine Aktion,,"Slash-/Host-Normalisierung, erwartetes Verhalten; live verifiziert: 428/428 Nicht-Slash-Routen leiten in einem Hop weiter",nein
Seite mit Weiterleitung,https://tcm.ch/beschwerden/schlafprobleme,tcm.ch,301/308,bewusst nicht indexierbar,,A,keine Aktion,,"Slash-/Host-Normalisierung, erwartetes Verhalten; live verifiziert: 428/428 Nicht-Slash-Routen leiten in einem Hop weiter",nein
Seite mit Weiterleitung,https://tcm.ch/beschwerden/schwangerschaftsbeschwerden,tcm.ch,301/308,bewusst nicht indexierbar,,A,keine Aktion,,"Slash-/Host-Normalisierung, erwartetes Verhalten; live verifiziert: 428/428 Nicht-Slash-Routen leiten in einem Hop weiter",nein
Seite mit Weiterleitung,https://tcm.ch/beschwerden/stress-burnout,tcm.ch,301/308,bewusst nicht indexierbar,,A,keine Aktion,,"Slash-/Host-Normalisierung, erwartetes Verhalten; live verifiziert: 428/428 Nicht-Slash-Routen leiten in einem Hop weiter",nein
Seite mit Weiterleitung,https://tcm.ch/beschwerden/verdauungsprobleme,tcm.ch,301/308,bewusst nicht indexierbar,,A,keine Aktion,,"Slash-/Host-Normalisierung, erwartetes Verhalten; live verifiziert: 428/428 Nicht-Slash-Routen leiten in einem Hop weiter",nein
Seite mit Weiterleitung,https://tcm.ch/beschwerden/zyklusbeschwerden,tcm.ch,301/308,bewusst nicht indexierbar,,A,keine Aktion,,"Slash-/Host-Normalisierung, erwartetes Verhalten; live verifiziert: 428/428 Nicht-Slash-Routen leiten in einem Hop weiter",nein
Seite mit Weiterleitung,https://tcm.ch/en/conditions/digestive-issues,tcm.ch,301/308,bewusst nicht indexierbar,,A,keine Aktion,,"Slash-/Host-Normalisierung, erwartetes Verhalten; live verifiziert: 428/428 Nicht-Slash-Routen leiten in einem Hop weiter",nein
Seite mit Weiterleitung,https://tcm.ch/en/conditions/fertility-support,tcm.ch,301/308,bewusst nicht indexierbar,,A,keine Aktion,,"Slash-/Host-Normalisierung, erwartetes Verhalten; live verifiziert: 428/428 Nicht-Slash-Routen leiten in einem Hop weiter",nein
Seite mit Weiterleitung,https://tcm.ch/en/conditions/menstrual-issues,tcm.ch,301/308,bewusst nicht indexierbar,,A,keine Aktion,,"Slash-/Host-Normalisierung, erwartetes Verhalten; live verifiziert: 428/428 Nicht-Slash-Routen leiten in einem Hop weiter",nein
Seite mit Weiterleitung,https://tcm.ch/en/conditions/migraine-headaches,tcm.ch,301/308,bewusst nicht indexierbar,,A,keine Aktion,,"Slash-/Host-Normalisierung, erwartetes Verhalten; live verifiziert: 428/428 Nicht-Slash-Routen leiten in einem Hop weiter",nein
Seite mit Weiterleitung,https://tcm.ch/en/conditions/sleep-problems,tcm.ch,301/308,bewusst nicht indexierbar,,A,keine Aktion,,"Slash-/Host-Normalisierung, erwartetes Verhalten; live verifiziert: 428/428 Nicht-Slash-Routen leiten in einem Hop weiter",nein
Seite mit Weiterleitung,https://tcm.ch/en/contact,tcm.ch,301/308,bewusst nicht indexierbar,,A,keine Aktion,,"Slash-/Host-Normalisierung, erwartetes Verhalten; live verifiziert: 428/428 Nicht-Slash-Routen leiten in einem Hop weiter",nein
Seite mit Weiterleitung,https://tcm.ch/en/contact?beschwerde=Fertility Support,tcm.ch,301/308,bewusst nicht indexierbar,,A,keine Aktion,,"Slash-/Host-Normalisierung, erwartetes Verhalten; live verifiziert: 428/428 Nicht-Slash-Routen leiten in einem Hop weiter",nein
Seite mit Weiterleitung,https://tcm.ch/en/contact?beschwerde=Menstrual %26 Cycle Issues,tcm.ch,301/308,bewusst nicht indexierbar,,A,keine Aktion,,"Slash-/Host-Normalisierung, erwartetes Verhalten; live verifiziert: 428/428 Nicht-Slash-Routen leiten in einem Hop weiter",nein
Seite mit Weiterleitung,https://tcm.ch/en/contact?beschwerde=Migraine %26 Headaches,tcm.ch,301/308,bewusst nicht indexierbar,,A,keine Aktion,,"Slash-/Host-Normalisierung, erwartetes Verhalten; live verifiziert: 428/428 Nicht-Slash-Routen leiten in einem Hop weiter",nein
Seite mit Weiterleitung,https://tcm.ch/en/contact?beschwerde=Sleep Problems,tcm.ch,301/308,bewusst nicht indexierbar,,A,keine Aktion,,"Slash-/Host-Normalisierung, erwartetes Verhalten; live verifiziert: 428/428 Nicht-Slash-Routen leiten in einem Hop weiter",nein
Seite mit Weiterleitung,https://tcm.ch/en/contact?beschwerde=Stress %26 Burnout,tcm.ch,301/308,bewusst nicht indexierbar,,A,keine Aktion,,"Slash-/Host-Normalisierung, erwartetes Verhalten; live verifiziert: 428/428 Nicht-Slash-Routen leiten in einem Hop weiter",nein
Seite mit Weiterleitung,https://tcm.ch/en/contact?standort=St. Gallen,tcm.ch,301/308,bewusst nicht indexierbar,,A,keine Aktion,,"Slash-/Host-Normalisierung, erwartetes Verhalten; live verifiziert: 428/428 Nicht-Slash-Routen leiten in einem Hop weiter",nein
Seite mit Weiterleitung,https://tcm.ch/en/contact?standort=Winterthur Marktgasse,tcm.ch,301/308,bewusst nicht indexierbar,,A,keine Aktion,,"Slash-/Host-Normalisierung, erwartetes Verhalten; live verifiziert: 428/428 Nicht-Slash-Routen leiten in einem Hop weiter",nein
Seite mit Weiterleitung,https://tcm.ch/en/health-insurance-acupuncture,tcm.ch,301/308,bewusst nicht indexierbar,,A,keine Aktion,,"Slash-/Host-Normalisierung, erwartetes Verhalten; live verifiziert: 428/428 Nicht-Slash-Routen leiten in einem Hop weiter",nein
Seite mit Weiterleitung,https://tcm.ch/en/knowledge/english-speaking-acupuncturist-switzerland,tcm.ch,301/308,bewusst nicht indexierbar,,A,keine Aktion,,"Slash-/Host-Normalisierung, erwartetes Verhalten; live verifiziert: 428/428 Nicht-Slash-Routen leiten in einem Hop weiter",nein
Seite mit Weiterleitung,https://tcm.ch/en/knowledge/how-much-does-acupuncture-cost-in-switzerland,tcm.ch,301/308,bewusst nicht indexierbar,,A,keine Aktion,,"Slash-/Host-Normalisierung, erwartetes Verhalten; live verifiziert: 428/428 Nicht-Slash-Routen leiten in einem Hop weiter",nein
Seite mit Weiterleitung,https://tcm.ch/en/knowledge/how-to-claim-acupuncture-on-swiss-insurance,tcm.ch,301/308,bewusst nicht indexierbar,,A,keine Aktion,,"Slash-/Host-Normalisierung, erwartetes Verhalten; live verifiziert: 428/428 Nicht-Slash-Routen leiten in einem Hop weiter",nein
Seite mit Weiterleitung,https://tcm.ch/en/knowledge/is-acupuncture-safe-side-effects-explained,tcm.ch,301/308,bewusst nicht indexierbar,,A,keine Aktion,,"Slash-/Host-Normalisierung, erwartetes Verhalten; live verifiziert: 428/428 Nicht-Slash-Routen leiten in einem Hop weiter",nein
Seite mit Weiterleitung,https://tcm.ch/en/knowledge/what-to-expect-first-acupuncture-session,tcm.ch,301/308,bewusst nicht indexierbar,,A,keine Aktion,,"Slash-/Host-Normalisierung, erwartetes Verhalten; live verifiziert: 428/428 Nicht-Slash-Routen leiten in einem Hop weiter",nein
Seite mit Weiterleitung,https://tcm.ch/en/locations/basel,tcm.ch,301/308,bewusst nicht indexierbar,,A,keine Aktion,,"Slash-/Host-Normalisierung, erwartetes Verhalten; live verifiziert: 428/428 Nicht-Slash-Routen leiten in einem Hop weiter",nein
Seite mit Weiterleitung,https://tcm.ch/en/locations/kreuzlingen,tcm.ch,301/308,bewusst nicht indexierbar,,A,keine Aktion,,"Slash-/Host-Normalisierung, erwartetes Verhalten; live verifiziert: 428/428 Nicht-Slash-Routen leiten in einem Hop weiter",nein
Seite mit Weiterleitung,https://tcm.ch/en/locations/wil,tcm.ch,301/308,bewusst nicht indexierbar,,A,keine Aktion,,"Slash-/Host-Normalisierung, erwartetes Verhalten; live verifiziert: 428/428 Nicht-Slash-Routen leiten in einem Hop weiter",nein
Seite mit Weiterleitung,https://tcm.ch/en/locations/zuerich-city,tcm.ch,301/308,bewusst nicht indexierbar,,A,keine Aktion,,"Slash-/Host-Normalisierung, erwartetes Verhalten; live verifiziert: 428/428 Nicht-Slash-Routen leiten in einem Hop weiter",nein
Seite mit Weiterleitung,https://tcm.ch/en/locations/zuerich-hoengg,tcm.ch,301/308,bewusst nicht indexierbar,,A,keine Aktion,,"Slash-/Host-Normalisierung, erwartetes Verhalten; live verifiziert: 428/428 Nicht-Slash-Routen leiten in einem Hop weiter",nein
Seite mit Weiterleitung,https://tcm.ch/en/locations/zuerich-oerlikon,tcm.ch,301/308,bewusst nicht indexierbar,,A,keine Aktion,,"Slash-/Host-Normalisierung, erwartetes Verhalten; live verifiziert: 428/428 Nicht-Slash-Routen leiten in einem Hop weiter",nein
Seite mit Weiterleitung,https://tcm.ch/en/therapies/acupressure,tcm.ch,301/308,bewusst nicht indexierbar,,A,keine Aktion,,"Slash-/Host-Normalisierung, erwartetes Verhalten; live verifiziert: 428/428 Nicht-Slash-Routen leiten in einem Hop weiter",nein
Seite mit Weiterleitung,https://tcm.ch/en/therapies/acupuncture,tcm.ch,301/308,bewusst nicht indexierbar,,A,keine Aktion,,"Slash-/Host-Normalisierung, erwartetes Verhalten; live verifiziert: 428/428 Nicht-Slash-Routen leiten in einem Hop weiter",nein
Seite mit Weiterleitung,https://tcm.ch/en/therapies/cupping,tcm.ch,301/308,bewusst nicht indexierbar,,A,keine Aktion,,"Slash-/Host-Normalisierung, erwartetes Verhalten; live verifiziert: 428/428 Nicht-Slash-Routen leiten in einem Hop weiter",nein
Seite mit Weiterleitung,https://tcm.ch/en/therapies/electroacupuncture,tcm.ch,301/308,bewusst nicht indexierbar,,A,keine Aktion,,"Slash-/Host-Normalisierung, erwartetes Verhalten; live verifiziert: 428/428 Nicht-Slash-Routen leiten in einem Hop weiter",nein
Seite mit Weiterleitung,https://tcm.ch/en/therapies/moxibustion,tcm.ch,301/308,bewusst nicht indexierbar,,A,keine Aktion,,"Slash-/Host-Normalisierung, erwartetes Verhalten; live verifiziert: 428/428 Nicht-Slash-Routen leiten in einem Hop weiter",nein
Seite mit Weiterleitung,https://tcm.ch/en/therapies/shiatsu,tcm.ch,301/308,bewusst nicht indexierbar,,A,keine Aktion,,"Slash-/Host-Normalisierung, erwartetes Verhalten; live verifiziert: 428/428 Nicht-Slash-Routen leiten in einem Hop weiter",nein
Seite mit Weiterleitung,https://tcm.ch/en/therapies/tuina-massage,tcm.ch,301/308,bewusst nicht indexierbar,,A,keine Aktion,,"Slash-/Host-Normalisierung, erwartetes Verhalten; live verifiziert: 428/428 Nicht-Slash-Routen leiten in einem Hop weiter",nein
Seite mit Weiterleitung,https://tcm.ch/karriere/,tcm.ch,301/308,bewusst nicht indexierbar,,A,keine Aktion,,"Slash-/Host-Normalisierung, erwartetes Verhalten; live verifiziert: 428/428 Nicht-Slash-Routen leiten in einem Hop weiter",nein
Seite mit Weiterleitung,https://tcm.ch/kontakt,tcm.ch,301/308,bewusst nicht indexierbar,,A,keine Aktion,,"Slash-/Host-Normalisierung, erwartetes Verhalten; live verifiziert: 428/428 Nicht-Slash-Routen leiten in einem Hop weiter",nein
Seite mit Weiterleitung,https://tcm.ch/krankenkassen,tcm.ch,301/308,bewusst nicht indexierbar,,A,keine Aktion,,"Slash-/Host-Normalisierung, erwartetes Verhalten; live verifiziert: 428/428 Nicht-Slash-Routen leiten in einem Hop weiter",nein
Seite mit Weiterleitung,https://tcm.ch/longevity,tcm.ch,301/308,bewusst nicht indexierbar,,A,keine Aktion,,"Slash-/Host-Normalisierung, erwartetes Verhalten; live verifiziert: 428/428 Nicht-Slash-Routen leiten in einem Hop weiter",nein
Seite mit Weiterleitung,https://tcm.ch/sprechstunde,tcm.ch,301/308,bewusst nicht indexierbar,,A,keine Aktion,,"Slash-/Host-Normalisierung, erwartetes Verhalten; live verifiziert: 428/428 Nicht-Slash-Routen leiten in einem Hop weiter",nein
Seite mit Weiterleitung,https://tcm.ch/st-gallen-tag-der-offenen-tuer/,tcm.ch,301/308,bewusst nicht indexierbar,,A,keine Aktion,,"Slash-/Host-Normalisierung, erwartetes Verhalten; live verifiziert: 428/428 Nicht-Slash-Routen leiten in einem Hop weiter",nein
Seite mit Weiterleitung,https://tcm.ch/standorte,tcm.ch,301/308,bewusst nicht indexierbar,,A,keine Aktion,,"Slash-/Host-Normalisierung, erwartetes Verhalten; live verifiziert: 428/428 Nicht-Slash-Routen leiten in einem Hop weiter",nein
Seite mit Weiterleitung,https://tcm.ch/standorte/basel,tcm.ch,301/308,bewusst nicht indexierbar,,A,keine Aktion,,"Slash-/Host-Normalisierung, erwartetes Verhalten; live verifiziert: 428/428 Nicht-Slash-Routen leiten in einem Hop weiter",nein
Seite mit Weiterleitung,https://tcm.ch/standorte/frauenfeld,tcm.ch,301/308,bewusst nicht indexierbar,,A,keine Aktion,,"Slash-/Host-Normalisierung, erwartetes Verhalten; live verifiziert: 428/428 Nicht-Slash-Routen leiten in einem Hop weiter",nein
Seite mit Weiterleitung,https://tcm.ch/standorte/kreuzlingen,tcm.ch,301/308,bewusst nicht indexierbar,,A,keine Aktion,,"Slash-/Host-Normalisierung, erwartetes Verhalten; live verifiziert: 428/428 Nicht-Slash-Routen leiten in einem Hop weiter",nein
Seite mit Weiterleitung,https://tcm.ch/standorte/rorschach,tcm.ch,301/308,bewusst nicht indexierbar,,A,keine Aktion,,"Slash-/Host-Normalisierung, erwartetes Verhalten; live verifiziert: 428/428 Nicht-Slash-Routen leiten in einem Hop weiter",nein
Seite mit Weiterleitung,https://tcm.ch/standorte/st-gallen,tcm.ch,301/308,bewusst nicht indexierbar,,A,keine Aktion,,"Slash-/Host-Normalisierung, erwartetes Verhalten; live verifiziert: 428/428 Nicht-Slash-Routen leiten in einem Hop weiter",nein
Seite mit Weiterleitung,https://tcm.ch/standorte/volketswil,tcm.ch,301/308,bewusst nicht indexierbar,,A,keine Aktion,,"Slash-/Host-Normalisierung, erwartetes Verhalten; live verifiziert: 428/428 Nicht-Slash-Routen leiten in einem Hop weiter",nein
Seite mit Weiterleitung,https://tcm.ch/standorte/wil,tcm.ch,301/308,bewusst nicht indexierbar,,A,keine Aktion,,"Slash-/Host-Normalisierung, erwartetes Verhalten; live verifiziert: 428/428 Nicht-Slash-Routen leiten in einem Hop weiter",nein
Seite mit Weiterleitung,https://tcm.ch/standorte/winterthur-marktgasse,tcm.ch,301/308,bewusst nicht indexierbar,,A,keine Aktion,,"Slash-/Host-Normalisierung, erwartetes Verhalten; live verifiziert: 428/428 Nicht-Slash-Routen leiten in einem Hop weiter",nein
Seite mit Weiterleitung,https://tcm.ch/standorte/winterthur-muenzgasse,tcm.ch,301/308,bewusst nicht indexierbar,,A,keine Aktion,,"Slash-/Host-Normalisierung, erwartetes Verhalten; live verifiziert: 428/428 Nicht-Slash-Routen leiten in einem Hop weiter",nein
Seite mit Weiterleitung,https://tcm.ch/standorte/zuerich-city,tcm.ch,301/308,bewusst nicht indexierbar,,A,keine Aktion,,"Slash-/Host-Normalisierung, erwartetes Verhalten; live verifiziert: 428/428 Nicht-Slash-Routen leiten in einem Hop weiter",nein
Seite mit Weiterleitung,https://tcm.ch/standorte/zuerich-hoengg,tcm.ch,301/308,bewusst nicht indexierbar,,A,keine Aktion,,"Slash-/Host-Normalisierung, erwartetes Verhalten; live verifiziert: 428/428 Nicht-Slash-Routen leiten in einem Hop weiter",nein
Seite mit Weiterleitung,https://tcm.ch/standorte/zuerich-oerlikon,tcm.ch,301/308,bewusst nicht indexierbar,,A,keine Aktion,,"Slash-/Host-Normalisierung, erwartetes Verhalten; live verifiziert: 428/428 Nicht-Slash-Routen leiten in einem Hop weiter",nein
Seite mit Weiterleitung,https://tcm.ch/therapien,tcm.ch,301/308,bewusst nicht indexierbar,,A,keine Aktion,,"Slash-/Host-Normalisierung, erwartetes Verhalten; live verifiziert: 428/428 Nicht-Slash-Routen leiten in einem Hop weiter",nein
Seite mit Weiterleitung,https://tcm.ch/therapien/akupressur,tcm.ch,301/308,bewusst nicht indexierbar,,A,keine Aktion,,"Slash-/Host-Normalisierung, erwartetes Verhalten; live verifiziert: 428/428 Nicht-Slash-Routen leiten in einem Hop weiter",nein
Seite mit Weiterleitung,https://tcm.ch/therapien/akupunktur,tcm.ch,301/308,bewusst nicht indexierbar,,A,keine Aktion,,"Slash-/Host-Normalisierung, erwartetes Verhalten; live verifiziert: 428/428 Nicht-Slash-Routen leiten in einem Hop weiter",nein
Seite mit Weiterleitung,https://tcm.ch/therapien/elektroakupunktur,tcm.ch,301/308,bewusst nicht indexierbar,,A,keine Aktion,,"Slash-/Host-Normalisierung, erwartetes Verhalten; live verifiziert: 428/428 Nicht-Slash-Routen leiten in einem Hop weiter",nein
Seite mit Weiterleitung,https://tcm.ch/therapien/gesichtsakupunktur,tcm.ch,301/308,bewusst nicht indexierbar,,A,keine Aktion,,"Slash-/Host-Normalisierung, erwartetes Verhalten; live verifiziert: 428/428 Nicht-Slash-Routen leiten in einem Hop weiter",nein
Seite mit Weiterleitung,https://tcm.ch/therapien/gua-sha,tcm.ch,301/308,bewusst nicht indexierbar,,A,keine Aktion,,"Slash-/Host-Normalisierung, erwartetes Verhalten; live verifiziert: 428/428 Nicht-Slash-Routen leiten in einem Hop weiter",nein
Seite mit Weiterleitung,https://tcm.ch/therapien/moxibustion,tcm.ch,301/308,bewusst nicht indexierbar,,A,keine Aktion,,"Slash-/Host-Normalisierung, erwartetes Verhalten; live verifiziert: 428/428 Nicht-Slash-Routen leiten in einem Hop weiter",nein
Seite mit Weiterleitung,https://tcm.ch/therapien/physiotherapie,tcm.ch,301/308,bewusst nicht indexierbar,,A,keine Aktion,,"Slash-/Host-Normalisierung, erwartetes Verhalten; live verifiziert: 428/428 Nicht-Slash-Routen leiten in einem Hop weiter",nein
Seite mit Weiterleitung,https://tcm.ch/therapien/schroepfen,tcm.ch,301/308,bewusst nicht indexierbar,,A,keine Aktion,,"Slash-/Host-Normalisierung, erwartetes Verhalten; live verifiziert: 428/428 Nicht-Slash-Routen leiten in einem Hop weiter",nein
Seite mit Weiterleitung,https://tcm.ch/therapien/shiatsu,tcm.ch,301/308,bewusst nicht indexierbar,,A,keine Aktion,,"Slash-/Host-Normalisierung, erwartetes Verhalten; live verifiziert: 428/428 Nicht-Slash-Routen leiten in einem Hop weiter",nein
Seite mit Weiterleitung,https://tcm.ch/therapien/tuina,tcm.ch,301/308,bewusst nicht indexierbar,,A,keine Aktion,,"Slash-/Host-Normalisierung, erwartetes Verhalten; live verifiziert: 428/428 Nicht-Slash-Routen leiten in einem Hop weiter",nein
Seite mit Weiterleitung,https://tcm.ch/wissen,tcm.ch,301/308,bewusst nicht indexierbar,,A,keine Aktion,,"Slash-/Host-Normalisierung, erwartetes Verhalten; live verifiziert: 428/428 Nicht-Slash-Routen leiten in einem Hop weiter",nein
Seite mit Weiterleitung,https://tcm.ch/wissen/akupunktur-bei-heuschnupfen,tcm.ch,301/308,bewusst nicht indexierbar,,A,keine Aktion,,"Slash-/Host-Normalisierung, erwartetes Verhalten; live verifiziert: 428/428 Nicht-Slash-Routen leiten in einem Hop weiter",nein
Seite mit Weiterleitung,https://tcm.ch/wissen/akupunktur-bei-nackenschmerzen,tcm.ch,301/308,bewusst nicht indexierbar,,A,keine Aktion,,"Slash-/Host-Normalisierung, erwartetes Verhalten; live verifiziert: 428/428 Nicht-Slash-Routen leiten in einem Hop weiter",nein
Seite mit Weiterleitung,https://tcm.ch/wissen/akupunktur-bei-rueckenschmerzen,tcm.ch,301/308,bewusst nicht indexierbar,,A,keine Aktion,,"Slash-/Host-Normalisierung, erwartetes Verhalten; live verifiziert: 428/428 Nicht-Slash-Routen leiten in einem Hop weiter",nein
Seite mit Weiterleitung,https://tcm.ch/wissen/akupunktur-winterthur-kosten,tcm.ch,301/308,bewusst nicht indexierbar,,A,keine Aktion,,"Slash-/Host-Normalisierung, erwartetes Verhalten; live verifiziert: 428/428 Nicht-Slash-Routen leiten in einem Hop weiter",nein
Seite mit Weiterleitung,https://tcm.ch/wissen/krankenkasse-tcm-was-wirklich-uebernommen-wird-2026,tcm.ch,301/308,bewusst nicht indexierbar,,A,keine Aktion,,"Slash-/Host-Normalisierung, erwartetes Verhalten; live verifiziert: 428/428 Nicht-Slash-Routen leiten in einem Hop weiter",nein
Seite mit Weiterleitung,https://tcm.ch/wissen/migraene-tcm-warum-akupunktur-nicht-fuer-jeden,tcm.ch,301/308,bewusst nicht indexierbar,,A,keine Aktion,,"Slash-/Host-Normalisierung, erwartetes Verhalten; live verifiziert: 428/428 Nicht-Slash-Routen leiten in einem Hop weiter",nein
Seite mit Weiterleitung,https://tcm.ch/wissen/tcm-basel-erfahrungen-ablauf,tcm.ch,301/308,bewusst nicht indexierbar,,A,keine Aktion,,"Slash-/Host-Normalisierung, erwartetes Verhalten; live verifiziert: 428/428 Nicht-Slash-Routen leiten in einem Hop weiter",nein
Seite mit Weiterleitung,https://tcm.ch/wissen/tcm-naturheilpraktiker-schweiz,tcm.ch,301/308,bewusst nicht indexierbar,,A,keine Aktion,,"Slash-/Host-Normalisierung, erwartetes Verhalten; live verifiziert: 428/428 Nicht-Slash-Routen leiten in einem Hop weiter",nein
Seite mit Weiterleitung,https://tcm.ch/wissen/wie-lange-bleiben-akupunkturnadeln-drin,tcm.ch,301/308,bewusst nicht indexierbar,,A,keine Aktion,,"Slash-/Host-Normalisierung, erwartetes Verhalten; live verifiziert: 428/428 Nicht-Slash-Routen leiten in einem Hop weiter",nein
Seite mit Weiterleitung,https://tcm.ch/zuweisen,tcm.ch,301/308,bewusst nicht indexierbar,,A,keine Aktion,,"Slash-/Host-Normalisierung, erwartetes Verhalten; live verifiziert: 428/428 Nicht-Slash-Routen leiten in einem Hop weiter",nein
Seite mit Weiterleitung,https://www.tcm.ch/,www.tcm.ch,301/308,bewusst nicht indexierbar,,A,keine Aktion,,"Slash-/Host-Normalisierung, erwartetes Verhalten; live verifiziert: 428/428 Nicht-Slash-Routen leiten in einem Hop weiter",nein
Seite mit Weiterleitung,https://www.tcm.ch/beschwerden/nackenschmerzen/,www.tcm.ch,301/308,bewusst nicht indexierbar,,A,keine Aktion,,"Slash-/Host-Normalisierung, erwartetes Verhalten; live verifiziert: 428/428 Nicht-Slash-Routen leiten in einem Hop weiter",nein
Seite mit Weiterleitung,https://www.tcm.ch/beschwerden/schlafprobleme/,www.tcm.ch,301/308,bewusst nicht indexierbar,,A,keine Aktion,,"Slash-/Host-Normalisierung, erwartetes Verhalten; live verifiziert: 428/428 Nicht-Slash-Routen leiten in einem Hop weiter",nein
Seite mit Weiterleitung,https://www.tcm.ch/beschwerden/verdauungsprobleme/,www.tcm.ch,301/308,bewusst nicht indexierbar,,A,keine Aktion,,"Slash-/Host-Normalisierung, erwartetes Verhalten; live verifiziert: 428/428 Nicht-Slash-Routen leiten in einem Hop weiter",nein
Seite mit Weiterleitung,https://www.tcm.ch/en/,www.tcm.ch,301/308,bewusst nicht indexierbar,,A,keine Aktion,,"Slash-/Host-Normalisierung, erwartetes Verhalten; live verifiziert: 428/428 Nicht-Slash-Routen leiten in einem Hop weiter",nein
