url,last_crawled,status_now,hops,classification,action,target_url,reason,chain
https://tcm.ch/suche?q=%7Bsearch_term_string%7D,2026-10-05,410,0,intentionally gone,410 NEU (Middleware GONE),,"urlTemplate der WebSite-SearchAction der alten SPA (entfernt 10.06.2026, Commit 7d00295); nie eine Suchseite, heute keine Quelle mehr",https://tcm.ch/suche?q=%7Bsearch_term_string%7D [410]
https://tcm.ch/beschwerden/skidaumen,2026-10-05,410,1,intentionally gone,410 beibehalten,,Stadt-Doorway bzw. bewusst nicht weitergeführtes Beschwerdebild (KEEP/WISSEN_KILL/Prune-Functions); kein exakter Nachfolger,https://tcm.ch/beschwerden/skidaumen [308] -> https://tcm.ch/beschwerden/skidaumen/ [410]
https://tcm.ch/wissen/kinderwunsch-tcm-st-gallen-ostschweiz,2026-10-04,410,1,intentionally gone,410 beibehalten,,Stadt-Doorway bzw. bewusst nicht weitergeführtes Beschwerdebild (KEEP/WISSEN_KILL/Prune-Functions); kein exakter Nachfolger,https://tcm.ch/wissen/kinderwunsch-tcm-st-gallen-ostschweiz [308] -> https://tcm.ch/wissen/kinderwunsch-tcm-st-gallen-ostschweiz/ [410]
https://tcm.ch/wissen/tcm-therapeuten-st-gallen-woran-erkennt-man-gute,2026-10-03,410,1,intentionally gone,410 beibehalten,,Stadt-Doorway bzw. bewusst nicht weitergeführtes Beschwerdebild (KEEP/WISSEN_KILL/Prune-Functions); kein exakter Nachfolger,https://tcm.ch/wissen/tcm-therapeuten-st-gallen-woran-erkennt-man-gute [308] -> https://tcm.ch/wissen/tcm-therapeuten-st-gallen-woran-erkennt-man-gute/ [410]
https://tcm.ch/wissen/akupunktur-st-gallen-vs-zuerich-wo-behandeln-lassen,2026-10-03,410,1,intentionally gone,410 beibehalten,,Stadt-Doorway bzw. bewusst nicht weitergeführtes Beschwerdebild (KEEP/WISSEN_KILL/Prune-Functions); kein exakter Nachfolger,https://tcm.ch/wissen/akupunktur-st-gallen-vs-zuerich-wo-behandeln-lassen [308] -> https://tcm.ch/wissen/akupunktur-st-gallen-vs-zuerich-wo-behandeln-lassen/ [410]
https://tcm.ch/wissen/nikotin-rauchen-aufhoeren-akupunktur-st-gallen,2026-10-03,410,1,intentionally gone,410 beibehalten,,Stadt-Doorway bzw. bewusst nicht weitergeführtes Beschwerdebild (KEEP/WISSEN_KILL/Prune-Functions); kein exakter Nachfolger,https://tcm.ch/wissen/nikotin-rauchen-aufhoeren-akupunktur-st-gallen [308] -> https://tcm.ch/wissen/nikotin-rauchen-aufhoeren-akupunktur-st-gallen/ [410]
https://tcm.ch/wissen/akupunktur-stress-burnout-st-gallen-businesswelt,2026-10-03,410,1,intentionally gone,410 beibehalten,,Stadt-Doorway bzw. bewusst nicht weitergeführtes Beschwerdebild (KEEP/WISSEN_KILL/Prune-Functions); kein exakter Nachfolger,https://tcm.ch/wissen/akupunktur-stress-burnout-st-gallen-businesswelt [308] -> https://tcm.ch/wissen/akupunktur-stress-burnout-st-gallen-businesswelt/ [410]
https://tcm.ch/wissen/kniegelenk-arthrose-akupunktur-st-gallen,2026-10-03,410,1,intentionally gone,410 beibehalten,,Stadt-Doorway bzw. bewusst nicht weitergeführtes Beschwerdebild (KEEP/WISSEN_KILL/Prune-Functions); kein exakter Nachfolger,https://tcm.ch/wissen/kniegelenk-arthrose-akupunktur-st-gallen [308] -> https://tcm.ch/wissen/kniegelenk-arthrose-akupunktur-st-gallen/ [410]
https://tcm.ch/wissen/akupunktur-st-gallen-samstag-abend-termine,2026-10-03,410,1,intentionally gone,410 beibehalten,,Stadt-Doorway bzw. bewusst nicht weitergeführtes Beschwerdebild (KEEP/WISSEN_KILL/Prune-Functions); kein exakter Nachfolger,https://tcm.ch/wissen/akupunktur-st-gallen-samstag-abend-termine [308] -> https://tcm.ch/wissen/akupunktur-st-gallen-samstag-abend-termine/ [410]
https://tcm.ch/wissen/wechseljahre-menopause-akupunktur-st-gallen,2026-10-03,410,1,intentionally gone,410 beibehalten,,Stadt-Doorway bzw. bewusst nicht weitergeführtes Beschwerdebild (KEEP/WISSEN_KILL/Prune-Functions); kein exakter Nachfolger,https://tcm.ch/wissen/wechseljahre-menopause-akupunktur-st-gallen [308] -> https://tcm.ch/wissen/wechseljahre-menopause-akupunktur-st-gallen/ [410]
https://tcm.ch/wissen/rueckenschmerzen-akupunktur-st-gallen,2026-10-03,410,1,intentionally gone,410 beibehalten,,Stadt-Doorway bzw. bewusst nicht weitergeführtes Beschwerdebild (KEEP/WISSEN_KILL/Prune-Functions); kein exakter Nachfolger,https://tcm.ch/wissen/rueckenschmerzen-akupunktur-st-gallen [308] -> https://tcm.ch/wissen/rueckenschmerzen-akupunktur-st-gallen/ [410]
https://tcm.ch/wissen/verdauung-reizdarm-tcm-st-gallen,2026-10-03,410,1,intentionally gone,410 beibehalten,,Stadt-Doorway bzw. bewusst nicht weitergeführtes Beschwerdebild (KEEP/WISSEN_KILL/Prune-Functions); kein exakter Nachfolger,https://tcm.ch/wissen/verdauung-reizdarm-tcm-st-gallen [308] -> https://tcm.ch/wissen/verdauung-reizdarm-tcm-st-gallen/ [410]
https://tcm.ch/wissen/schlafstoerungen-akupunktur-st-gallen-hsg,2026-10-03,410,1,intentionally gone,410 beibehalten,,Stadt-Doorway bzw. bewusst nicht weitergeführtes Beschwerdebild (KEEP/WISSEN_KILL/Prune-Functions); kein exakter Nachfolger,https://tcm.ch/wissen/schlafstoerungen-akupunktur-st-gallen-hsg [308] -> https://tcm.ch/wissen/schlafstoerungen-akupunktur-st-gallen-hsg/ [410]
https://tcm.ch/wissen/tcm-arzt-st-gallen-vs-naturheilpraktiker-unterschied,2026-10-03,410,1,needs manual review,keine Änderung,,"Nur Teil-Match zu /wissen/tcm-naturheilpraktiker-schweiz/ (Heilpraktiker vs. Naturheilpraktiker, nicht Arzt). Redaktionell entscheiden.",https://tcm.ch/wissen/tcm-arzt-st-gallen-vs-naturheilpraktiker-unterschied [308] -> https://tcm.ch/wissen/tcm-arzt-st-gallen-vs-naturheilpraktiker-unterschied/ [410]
https://tcm.ch/wissen/tcm-st-gallen-bahnhof-stadt-anfahrt-parking,2026-10-03,410,1,needs manual review,keine Änderung,,"Anfahrt-Intent gehört zur St.-Gallen-Standortseite, die im offenen HIGH-Konflikt steht. Erst nach GSC-Entscheid.",https://tcm.ch/wissen/tcm-st-gallen-bahnhof-stadt-anfahrt-parking [308] -> https://tcm.ch/wissen/tcm-st-gallen-bahnhof-stadt-anfahrt-parking/ [410]
https://tcm.ch/wissen/akupunktur-st-gallen-was-wirklich-hilft,2026-10-03,410,1,intentionally gone,410 beibehalten,,Stadt-Doorway bzw. bewusst nicht weitergeführtes Beschwerdebild (KEEP/WISSEN_KILL/Prune-Functions); kein exakter Nachfolger,https://tcm.ch/wissen/akupunktur-st-gallen-was-wirklich-hilft [308] -> https://tcm.ch/wissen/akupunktur-st-gallen-was-wirklich-hilft/ [410]
https://tcm.ch/wissen/akupunktur-zyklus-pms-st-gallen-frauen,2026-10-03,410,1,intentionally gone,410 beibehalten,,Stadt-Doorway bzw. bewusst nicht weitergeführtes Beschwerdebild (KEEP/WISSEN_KILL/Prune-Functions); kein exakter Nachfolger,https://tcm.ch/wissen/akupunktur-zyklus-pms-st-gallen-frauen [308] -> https://tcm.ch/wissen/akupunktur-zyklus-pms-st-gallen-frauen/ [410]
https://tcm.ch/wissen/tcm-ostschweiz-thurgau-st-gallen,2026-10-03,410,1,intentionally gone,410 beibehalten,,Stadt-Doorway bzw. bewusst nicht weitergeführtes Beschwerdebild (KEEP/WISSEN_KILL/Prune-Functions); kein exakter Nachfolger,https://tcm.ch/wissen/tcm-ostschweiz-thurgau-st-gallen [308] -> https://tcm.ch/wissen/tcm-ostschweiz-thurgau-st-gallen/ [410]
https://tcm.ch/wissen/heuschnupfen-allergie-akupunktur-st-gallen,2026-10-03,410,1,intentionally gone,410 beibehalten,,Stadt-Doorway bzw. bewusst nicht weitergeführtes Beschwerdebild (KEEP/WISSEN_KILL/Prune-Functions); kein exakter Nachfolger,https://tcm.ch/wissen/heuschnupfen-allergie-akupunktur-st-gallen [308] -> https://tcm.ch/wissen/heuschnupfen-allergie-akupunktur-st-gallen/ [410]
https://tcm.ch/wissen/akupunktur-st-gallen-erfahrungen-was-erwartet-dich,2026-10-03,200,2,exact-equivalent redirect,301 NEU,/wissen/tcm-st-gallen-erfahrungen-ablauf/,"Live, indexierbare Owner-Seite mit identischem Intent (Master-Map), kein HIGH-Konflikt",https://tcm.ch/wissen/akupunktur-st-gallen-erfahrungen-was-erwartet-dich [308] -> https://tcm.ch/wissen/akupunktur-st-gallen-erfahrungen-was-erwartet-dich/ [301] -> https://tcm.ch/wissen/tcm-st-gallen-erfahrungen-ablauf/ [200]
https://tcm.ch/wissen/tinnitus-akupunktur-st-gallen,2026-10-03,410,1,intentionally gone,410 beibehalten,,Stadt-Doorway bzw. bewusst nicht weitergeführtes Beschwerdebild (KEEP/WISSEN_KILL/Prune-Functions); kein exakter Nachfolger,https://tcm.ch/wissen/tinnitus-akupunktur-st-gallen [308] -> https://tcm.ch/wissen/tinnitus-akupunktur-st-gallen/ [410]
https://tcm.ch/wissen/akupunktur-st-gallen-ohne-wartezeit-kurzfristig,2026-10-03,410,1,intentionally gone,410 beibehalten,,Stadt-Doorway bzw. bewusst nicht weitergeführtes Beschwerdebild (KEEP/WISSEN_KILL/Prune-Functions); kein exakter Nachfolger,https://tcm.ch/wissen/akupunktur-st-gallen-ohne-wartezeit-kurzfristig [308] -> https://tcm.ch/wissen/akupunktur-st-gallen-ohne-wartezeit-kurzfristig/ [410]
https://tcm.ch/2LVdl,2026-10-03,404,1,intentionally gone,404 beibehalten,,Externer Kurzlink-/Legacy-Müll bzw. POST-Endpoint (/api/ per robots.txt gesperrt); nie eine Seite,https://tcm.ch/2LVdl [308] -> https://tcm.ch/2LVdl/ [404]
https://tcm.ch/wissen/tcm-vs-schulmedizin-st-gallen-wann-was,2026-10-03,410,1,intentionally gone,410 beibehalten,,Stadt-Doorway bzw. bewusst nicht weitergeführtes Beschwerdebild (KEEP/WISSEN_KILL/Prune-Functions); kein exakter Nachfolger,https://tcm.ch/wissen/tcm-vs-schulmedizin-st-gallen-wann-was [308] -> https://tcm.ch/wissen/tcm-vs-schulmedizin-st-gallen-wann-was/ [410]
https://tcm.ch/wissen/akupunktur-st-gallen-kosten-krankenkasse,2026-10-03,200,2,exact-equivalent redirect,301 NEU,/akupunktur-st-gallen-kosten/,"Live, indexierbare Owner-Seite mit identischem Intent (Master-Map), kein HIGH-Konflikt",https://tcm.ch/wissen/akupunktur-st-gallen-kosten-krankenkasse [308] -> https://tcm.ch/wissen/akupunktur-st-gallen-kosten-krankenkasse/ [301] -> https://tcm.ch/akupunktur-st-gallen-kosten/ [200]
https://tcm.ch/3root60,2026-10-03,404,1,intentionally gone,404 beibehalten,,Externer Kurzlink-/Legacy-Müll bzw. POST-Endpoint (/api/ per robots.txt gesperrt); nie eine Seite,https://tcm.ch/3root60 [308] -> https://tcm.ch/3root60/ [404]
http://www.tcm.ch/iphone,2026-10-01,404,2,intentionally gone,404 beibehalten,,Externer Kurzlink-/Legacy-Müll bzw. POST-Endpoint (/api/ per robots.txt gesperrt); nie eine Seite,http://www.tcm.ch/iphone [301] -> https://tcm.ch/iphone [308] -> https://tcm.ch/iphone/ [404]
https://tcm.ch/3c4M2Gc,2026-08-23,404,1,intentionally gone,404 beibehalten,,Externer Kurzlink-/Legacy-Müll bzw. POST-Endpoint (/api/ per robots.txt gesperrt); nie eine Seite,https://tcm.ch/3c4M2Gc [308] -> https://tcm.ch/3c4M2Gc/ [404]
https://tcm.ch/api/anfrage,2026-08-16,404,1,intentionally gone,404 beibehalten,,Externer Kurzlink-/Legacy-Müll bzw. POST-Endpoint (/api/ per robots.txt gesperrt); nie eine Seite,https://tcm.ch/api/anfrage [308] -> https://tcm.ch/api/anfrage/ [404]
https://tcm.ch/38Cbzum,2026-08-11,404,1,intentionally gone,404 beibehalten,,Externer Kurzlink-/Legacy-Müll bzw. POST-Endpoint (/api/ per robots.txt gesperrt); nie eine Seite,https://tcm.ch/38Cbzum [308] -> https://tcm.ch/38Cbzum/ [404]
https://tcm.ch/therapien/akupunktur/st-gallen,2026-08-04,410,1,needs manual review,keine Änderung,,"Lokaler Intent exakt, aber beide Kandidaten (/standorte/st-gallen/, /akupunktur-tcm-st-gallen/) bilden den offenen HIGH-Konflikt. Erst nach GSC-Entscheid umleiten.",https://tcm.ch/therapien/akupunktur/st-gallen [308] -> https://tcm.ch/therapien/akupunktur/st-gallen/ [410]
https://tcm.ch/therapien/akupunktur/zuerich-city,2026-08-04,200,2,exact-equivalent redirect,301 NEU,/standorte/zuerich-city/,"Live, indexierbare Owner-Seite mit identischem Intent (Master-Map), kein HIGH-Konflikt",https://tcm.ch/therapien/akupunktur/zuerich-city [308] -> https://tcm.ch/therapien/akupunktur/zuerich-city/ [301] -> https://tcm.ch/standorte/zuerich-city/ [200]
https://tcm.ch/krankenkassen/css,2026-08-04,200,1,exact-equivalent redirect,301 NEU,/krankenkassen/,"Live, indexierbare Owner-Seite mit identischem Intent (Master-Map), kein HIGH-Konflikt",https://tcm.ch/krankenkassen/css [301] -> https://tcm.ch/krankenkassen/ [200]
https://tcm.ch/beschwerden/syringomyelie,2026-08-02,410,1,intentionally gone,410 beibehalten,,Stadt-Doorway bzw. bewusst nicht weitergeführtes Beschwerdebild (KEEP/WISSEN_KILL/Prune-Functions); kein exakter Nachfolger,https://tcm.ch/beschwerden/syringomyelie [308] -> https://tcm.ch/beschwerden/syringomyelie/ [410]
https://tcm.ch/beschwerden/hyperhidrose,2026-08-02,200,1,missing active page,"bereits live (200, Sitemap, KEEP)",,Seite existiert heute; GSC-404 stammt aus Crawl vor Aufnahme in BESCHWERDEN_KEEP. In GSC validieren,https://tcm.ch/beschwerden/hyperhidrose [308] -> https://tcm.ch/beschwerden/hyperhidrose/ [200]
https://tcm.ch/beschwerden/anpassungsstoerungen,2026-08-01,410,1,intentionally gone,410 beibehalten,,Stadt-Doorway bzw. bewusst nicht weitergeführtes Beschwerdebild (KEEP/WISSEN_KILL/Prune-Functions); kein exakter Nachfolger,https://tcm.ch/beschwerden/anpassungsstoerungen [308] -> https://tcm.ch/beschwerden/anpassungsstoerungen/ [410]
https://tcm.ch/therapien/akupressur/kreuzlingen,2026-08-01,410,1,intentionally gone,410 beibehalten,,Stadt-Doorway bzw. bewusst nicht weitergeführtes Beschwerdebild (KEEP/WISSEN_KILL/Prune-Functions); kein exakter Nachfolger,https://tcm.ch/therapien/akupressur/kreuzlingen [308] -> https://tcm.ch/therapien/akupressur/kreuzlingen/ [410]
https://tcm.ch/beschwerden/verdauungsprobleme/frauenfeld,2026-08-01,410,1,intentionally gone,410 beibehalten,,Stadt-Doorway bzw. bewusst nicht weitergeführtes Beschwerdebild (KEEP/WISSEN_KILL/Prune-Functions); kein exakter Nachfolger,https://tcm.ch/beschwerden/verdauungsprobleme/frauenfeld [308] -> https://tcm.ch/beschwerden/verdauungsprobleme/frauenfeld/ [410]
https://tcm.ch/beschwerden/zystische-fibrose,2026-08-01,410,1,intentionally gone,410 beibehalten,,Stadt-Doorway bzw. bewusst nicht weitergeführtes Beschwerdebild (KEEP/WISSEN_KILL/Prune-Functions); kein exakter Nachfolger,https://tcm.ch/beschwerden/zystische-fibrose [308] -> https://tcm.ch/beschwerden/zystische-fibrose/ [410]
https://tcm.ch/beschwerden/stress-burnout/zuerich-city,2026-07-29,410,1,intentionally gone,410 beibehalten,,Stadt-Doorway bzw. bewusst nicht weitergeführtes Beschwerdebild (KEEP/WISSEN_KILL/Prune-Functions); kein exakter Nachfolger,https://tcm.ch/beschwerden/stress-burnout/zuerich-city [308] -> https://tcm.ch/beschwerden/stress-burnout/zuerich-city/ [410]
https://tcm.ch/beschwerden/sarkoidose,2026-07-27,410,1,intentionally gone,410 beibehalten,,Stadt-Doorway bzw. bewusst nicht weitergeführtes Beschwerdebild (KEEP/WISSEN_KILL/Prune-Functions); kein exakter Nachfolger,https://tcm.ch/beschwerden/sarkoidose [308] -> https://tcm.ch/beschwerden/sarkoidose/ [410]
https://tcm.ch/beschwerden/wadenschmerzen,2026-07-25,200,1,missing active page,"bereits live (200, Sitemap, KEEP)",,Seite existiert heute; GSC-404 stammt aus Crawl vor Aufnahme in BESCHWERDEN_KEEP. In GSC validieren,https://tcm.ch/beschwerden/wadenschmerzen [308] -> https://tcm.ch/beschwerden/wadenschmerzen/ [200]
https://tcm.ch/therapien/tuina/basel,2026-07-22,410,1,intentionally gone,410 beibehalten,,Stadt-Doorway bzw. bewusst nicht weitergeführtes Beschwerdebild (KEEP/WISSEN_KILL/Prune-Functions); kein exakter Nachfolger,https://tcm.ch/therapien/tuina/basel [308] -> https://tcm.ch/therapien/tuina/basel/ [410]
https://tcm.ch/beschwerden/diabetes,2026-07-20,410,1,intentionally gone,410 beibehalten,,Stadt-Doorway bzw. bewusst nicht weitergeführtes Beschwerdebild (KEEP/WISSEN_KILL/Prune-Functions); kein exakter Nachfolger,https://tcm.ch/beschwerden/diabetes [308] -> https://tcm.ch/beschwerden/diabetes/ [410]
https://tcm.ch/beschwerden/chronische-entzuendungen,2026-07-15,410,1,intentionally gone,410 beibehalten,,Stadt-Doorway bzw. bewusst nicht weitergeführtes Beschwerdebild (KEEP/WISSEN_KILL/Prune-Functions); kein exakter Nachfolger,https://tcm.ch/beschwerden/chronische-entzuendungen [308] -> https://tcm.ch/beschwerden/chronische-entzuendungen/ [410]
https://tcm.ch/beschwerden/verdauungsprobleme/kreuzlingen,2026-07-07,410,1,intentionally gone,410 beibehalten,,Stadt-Doorway bzw. bewusst nicht weitergeführtes Beschwerdebild (KEEP/WISSEN_KILL/Prune-Functions); kein exakter Nachfolger,https://tcm.ch/beschwerden/verdauungsprobleme/kreuzlingen [308] -> https://tcm.ch/beschwerden/verdauungsprobleme/kreuzlingen/ [410]
https://tcm.ch/therapien/elektroakupunktur/st-gallen,2026-07-06,410,1,intentionally gone,410 beibehalten,,Stadt-Doorway bzw. bewusst nicht weitergeführtes Beschwerdebild (KEEP/WISSEN_KILL/Prune-Functions); kein exakter Nachfolger,https://tcm.ch/therapien/elektroakupunktur/st-gallen [308] -> https://tcm.ch/therapien/elektroakupunktur/st-gallen/ [410]
https://tcm.ch/wissen/akupunktur-zuerich-erfahrungen-ablauf,2026-07-06,410,1,intentionally gone,410 beibehalten,,Stadt-Doorway bzw. bewusst nicht weitergeführtes Beschwerdebild (KEEP/WISSEN_KILL/Prune-Functions); kein exakter Nachfolger,https://tcm.ch/wissen/akupunktur-zuerich-erfahrungen-ablauf [308] -> https://tcm.ch/wissen/akupunktur-zuerich-erfahrungen-ablauf/ [410]
https://tcm.ch/beschwerden/endometriose,2026-07-04,200,1,missing active page,"bereits live (200, Sitemap, KEEP)",,Seite existiert heute; GSC-404 stammt aus Crawl vor Aufnahme in BESCHWERDEN_KEEP. In GSC validieren,https://tcm.ch/beschwerden/endometriose [308] -> https://tcm.ch/beschwerden/endometriose/ [200]
https://tcm.ch/wissen/akupunktur-schwangerschaft-st-gallen,2026-07-04,410,1,intentionally gone,410 beibehalten,,Stadt-Doorway bzw. bewusst nicht weitergeführtes Beschwerdebild (KEEP/WISSEN_KILL/Prune-Functions); kein exakter Nachfolger,https://tcm.ch/wissen/akupunktur-schwangerschaft-st-gallen [308] -> https://tcm.ch/wissen/akupunktur-schwangerschaft-st-gallen/ [410]
https://tcm.ch/beschwerden/nervenschmerzen,2026-06-28,200,1,missing active page,"bereits live (200, Sitemap, KEEP)",,Seite existiert heute; GSC-404 stammt aus Crawl vor Aufnahme in BESCHWERDEN_KEEP. In GSC validieren,https://tcm.ch/beschwerden/nervenschmerzen [308] -> https://tcm.ch/beschwerden/nervenschmerzen/ [200]
https://tcm.ch/beschwerden/bulimie,2026-06-28,410,1,intentionally gone,410 beibehalten,,Stadt-Doorway bzw. bewusst nicht weitergeführtes Beschwerdebild (KEEP/WISSEN_KILL/Prune-Functions); kein exakter Nachfolger,https://tcm.ch/beschwerden/bulimie [308] -> https://tcm.ch/beschwerden/bulimie/ [410]
https://tcm.ch/beschwerden/fersensporn,2026-06-28,200,1,missing active page,"bereits live (200, Sitemap, KEEP)",,Seite existiert heute; GSC-404 stammt aus Crawl vor Aufnahme in BESCHWERDEN_KEEP. In GSC validieren,https://tcm.ch/beschwerden/fersensporn [308] -> https://tcm.ch/beschwerden/fersensporn/ [200]
https://tcm.ch/beschwerden/nackenschmerzen/basel,2026-06-26,410,1,intentionally gone,410 beibehalten,,Stadt-Doorway bzw. bewusst nicht weitergeführtes Beschwerdebild (KEEP/WISSEN_KILL/Prune-Functions); kein exakter Nachfolger,https://tcm.ch/beschwerden/nackenschmerzen/basel [308] -> https://tcm.ch/beschwerden/nackenschmerzen/basel/ [410]
http://www.tcm.ch/SMS/online.html,2026-06-26,410,1,intentionally gone,410 beibehalten,,Stadt-Doorway bzw. bewusst nicht weitergeführtes Beschwerdebild (KEEP/WISSEN_KILL/Prune-Functions); kein exakter Nachfolger,http://www.tcm.ch/SMS/online.html [301] -> https://tcm.ch/SMS/online.html [410]
https://tcm.ch/beschwerden/naechtliches-schwitzen,2026-06-26,200,2,exact-equivalent redirect,301 NEU,/koerpersignale/nachtschweiss-ohne-fieber/,"Live, indexierbare Owner-Seite mit identischem Intent (Master-Map), kein HIGH-Konflikt",https://tcm.ch/beschwerden/naechtliches-schwitzen [308] -> https://tcm.ch/beschwerden/naechtliches-schwitzen/ [301] -> https://tcm.ch/koerpersignale/nachtschweiss-ohne-fieber/ [200]
https://www.tcm.ch/Dhyana/Datenschutzerklaerung.pdf,2026-06-25,410,1,intentionally gone,410 beibehalten,,Stadt-Doorway bzw. bewusst nicht weitergeführtes Beschwerdebild (KEEP/WISSEN_KILL/Prune-Functions); kein exakter Nachfolger,https://www.tcm.ch/Dhyana/Datenschutzerklaerung.pdf [301] -> https://tcm.ch/Dhyana/Datenschutzerklaerung.pdf [410]
https://tcm.ch/beschwerden/blaehbauch,2026-06-20,200,2,exact-equivalent redirect,301 besteht (seit 10.09.),/beschwerden/blaehungen/,GSC-Crawl lag vor dem Alias; nur validieren,https://tcm.ch/beschwerden/blaehbauch [308] -> https://tcm.ch/beschwerden/blaehbauch/ [301] -> https://tcm.ch/beschwerden/blaehungen/ [200]
https://tcm.ch/beschwerden/narben-keloid,2026-06-20,410,1,intentionally gone,410 beibehalten,,Stadt-Doorway bzw. bewusst nicht weitergeführtes Beschwerdebild (KEEP/WISSEN_KILL/Prune-Functions); kein exakter Nachfolger,https://tcm.ch/beschwerden/narben-keloid [308] -> https://tcm.ch/beschwerden/narben-keloid/ [410]
https://tcm.ch/beschwerden/epstein-barr-virus,2026-06-20,410,1,intentionally gone,410 beibehalten,,Stadt-Doorway bzw. bewusst nicht weitergeführtes Beschwerdebild (KEEP/WISSEN_KILL/Prune-Functions); kein exakter Nachfolger,https://tcm.ch/beschwerden/epstein-barr-virus [308] -> https://tcm.ch/beschwerden/epstein-barr-virus/ [410]
https://tcm.ch/therapien/physiotherapie/kreuzlingen,2026-06-18,410,1,intentionally gone,410 beibehalten,,Stadt-Doorway bzw. bewusst nicht weitergeführtes Beschwerdebild (KEEP/WISSEN_KILL/Prune-Functions); kein exakter Nachfolger,https://tcm.ch/therapien/physiotherapie/kreuzlingen [308] -> https://tcm.ch/therapien/physiotherapie/kreuzlingen/ [410]
https://tcm.ch/beschwerden/krampfadern,2026-06-18,410,1,intentionally gone,410 beibehalten,,Stadt-Doorway bzw. bewusst nicht weitergeführtes Beschwerdebild (KEEP/WISSEN_KILL/Prune-Functions); kein exakter Nachfolger,https://tcm.ch/beschwerden/krampfadern [308] -> https://tcm.ch/beschwerden/krampfadern/ [410]
https://tcm.ch/beschwerden/sprunggelenkschmerzen,2026-06-18,200,1,missing active page,"bereits live (200, Sitemap, KEEP)",,Seite existiert heute; GSC-404 stammt aus Crawl vor Aufnahme in BESCHWERDEN_KEEP. In GSC validieren,https://tcm.ch/beschwerden/sprunggelenkschmerzen [308] -> https://tcm.ch/beschwerden/sprunggelenkschmerzen/ [200]
https://tcm.ch/beschwerden/hitzewallungen,2026-06-18,200,1,missing active page,"bereits live (200, Sitemap, KEEP)",,Seite existiert heute; GSC-404 stammt aus Crawl vor Aufnahme in BESCHWERDEN_KEEP. In GSC validieren,https://tcm.ch/beschwerden/hitzewallungen [308] -> https://tcm.ch/beschwerden/hitzewallungen/ [200]
https://tcm.ch/wissen/akupunktur-zuerich-kosten-krankenkasse,2026-06-13,200,2,exact-equivalent redirect,301 NEU,/standorte/zuerich/kosten/,"Live, indexierbare Owner-Seite mit identischem Intent (Master-Map), kein HIGH-Konflikt",https://tcm.ch/wissen/akupunktur-zuerich-kosten-krankenkasse [308] -> https://tcm.ch/wissen/akupunktur-zuerich-kosten-krankenkasse/ [301] -> https://tcm.ch/standorte/zuerich/kosten/ [200]
https://tcm.ch/wissen/akupunktur-angst-panik-st-gallen,2026-06-13,410,1,intentionally gone,410 beibehalten,,Stadt-Doorway bzw. bewusst nicht weitergeführtes Beschwerdebild (KEEP/WISSEN_KILL/Prune-Functions); kein exakter Nachfolger,https://tcm.ch/wissen/akupunktur-angst-panik-st-gallen [308] -> https://tcm.ch/wissen/akupunktur-angst-panik-st-gallen/ [410]
https://tcm.ch/beschwerden/atemnot,2026-06-12,410,1,intentionally gone,410 beibehalten,,Stadt-Doorway bzw. bewusst nicht weitergeführtes Beschwerdebild (KEEP/WISSEN_KILL/Prune-Functions); kein exakter Nachfolger,https://tcm.ch/beschwerden/atemnot [308] -> https://tcm.ch/beschwerden/atemnot/ [410]
https://tcm.ch/beschwerden/kinderwunsch/rorschach,2026-06-12,410,1,intentionally gone,410 beibehalten,,Stadt-Doorway bzw. bewusst nicht weitergeführtes Beschwerdebild (KEEP/WISSEN_KILL/Prune-Functions); kein exakter Nachfolger,https://tcm.ch/beschwerden/kinderwunsch/rorschach [308] -> https://tcm.ch/beschwerden/kinderwunsch/rorschach/ [410]
https://tcm.ch/therapien/akupressur/volketswil,2026-06-12,410,1,intentionally gone,410 beibehalten,,Stadt-Doorway bzw. bewusst nicht weitergeführtes Beschwerdebild (KEEP/WISSEN_KILL/Prune-Functions); kein exakter Nachfolger,https://tcm.ch/therapien/akupressur/volketswil [308] -> https://tcm.ch/therapien/akupressur/volketswil/ [410]
https://tcm.ch/beschwerden/asthma,2026-06-11,200,1,missing active page,"bereits live (200, Sitemap, KEEP)",,Seite existiert heute; GSC-404 stammt aus Crawl vor Aufnahme in BESCHWERDEN_KEEP. In GSC validieren,https://tcm.ch/beschwerden/asthma [308] -> https://tcm.ch/beschwerden/asthma/ [200]
https://tcm.ch/beschwerden/pcos,2026-06-11,200,1,missing active page,"bereits live (200, Sitemap, KEEP)",,Seite existiert heute; GSC-404 stammt aus Crawl vor Aufnahme in BESCHWERDEN_KEEP. In GSC validieren,https://tcm.ch/beschwerden/pcos [308] -> https://tcm.ch/beschwerden/pcos/ [200]
https://tcm.ch/beschwerden/geschmacks-geruchsstoerungen,2026-06-11,200,2,needs manual review,keine Änderung,,Bestehender Alias (10.09.) zeigt auf /beschwerden/long-covid/: Intent passt nur teilweise (Riech-/Geschmacksstörung ist breiter als Long Covid). Optionen: 410 oder Alias belassen.,https://tcm.ch/beschwerden/geschmacks-geruchsstoerungen [308] -> https://tcm.ch/beschwerden/geschmacks-geruchsstoerungen/ [301] -> https://tcm.ch/beschwerden/long-covid/ [200]
https://tcm.ch/beschwerden/gruener-star,2026-06-11,410,1,intentionally gone,410 beibehalten,,Stadt-Doorway bzw. bewusst nicht weitergeführtes Beschwerdebild (KEEP/WISSEN_KILL/Prune-Functions); kein exakter Nachfolger,https://tcm.ch/beschwerden/gruener-star [308] -> https://tcm.ch/beschwerden/gruener-star/ [410]
https://tcm.ch/beschwerden/spinaliom,2026-06-10,410,1,intentionally gone,410 beibehalten,,Stadt-Doorway bzw. bewusst nicht weitergeführtes Beschwerdebild (KEEP/WISSEN_KILL/Prune-Functions); kein exakter Nachfolger,https://tcm.ch/beschwerden/spinaliom [308] -> https://tcm.ch/beschwerden/spinaliom/ [410]
https://tcm.ch/beschwerden/energiemangel-fatigue,2026-06-10,200,2,exact-equivalent redirect,301 besteht (seit 10.09.),/beschwerden/erschoepfung/,GSC-Crawl lag vor dem Alias; nur validieren,https://tcm.ch/beschwerden/energiemangel-fatigue [308] -> https://tcm.ch/beschwerden/energiemangel-fatigue/ [301] -> https://tcm.ch/beschwerden/erschoepfung/ [200]
https://tcm.ch/beschwerden/muskeldystrophien,2026-06-10,410,1,intentionally gone,410 beibehalten,,Stadt-Doorway bzw. bewusst nicht weitergeführtes Beschwerdebild (KEEP/WISSEN_KILL/Prune-Functions); kein exakter Nachfolger,https://tcm.ch/beschwerden/muskeldystrophien [308] -> https://tcm.ch/beschwerden/muskeldystrophien/ [410]
https://tcm.ch/beschwerden/essstoerungen,2026-06-10,410,1,intentionally gone,410 beibehalten,,Stadt-Doorway bzw. bewusst nicht weitergeführtes Beschwerdebild (KEEP/WISSEN_KILL/Prune-Functions); kein exakter Nachfolger,https://tcm.ch/beschwerden/essstoerungen [308] -> https://tcm.ch/beschwerden/essstoerungen/ [410]
https://tcm.ch/beschwerden/polytrauma,2026-06-09,410,1,intentionally gone,410 beibehalten,,Stadt-Doorway bzw. bewusst nicht weitergeführtes Beschwerdebild (KEEP/WISSEN_KILL/Prune-Functions); kein exakter Nachfolger,https://tcm.ch/beschwerden/polytrauma [308] -> https://tcm.ch/beschwerden/polytrauma/ [410]
https://tcm.ch/beschwerden/herzrhythmustoerungen,2026-06-09,410,1,intentionally gone,410 beibehalten,,Stadt-Doorway bzw. bewusst nicht weitergeführtes Beschwerdebild (KEEP/WISSEN_KILL/Prune-Functions); kein exakter Nachfolger,https://tcm.ch/beschwerden/herzrhythmustoerungen [308] -> https://tcm.ch/beschwerden/herzrhythmustoerungen/ [410]
https://tcm.ch/beschwerden/schmerzmanagement,2026-06-09,410,1,intentionally gone,410 beibehalten,,Stadt-Doorway bzw. bewusst nicht weitergeführtes Beschwerdebild (KEEP/WISSEN_KILL/Prune-Functions); kein exakter Nachfolger,https://tcm.ch/beschwerden/schmerzmanagement [308] -> https://tcm.ch/beschwerden/schmerzmanagement/ [410]
