search_intent,url_1,url_2,conflict_level,likely_primary_owner,recommended_resolution,requires_gsc_data,notes
akupunktur st. gallen / tcm st. gallen,/akupunktur-tcm-st-gallen/,/standorte/st-gallen/,high,/standorte/st-gallen/,GSC-Query-Report ziehen; dann entweder Stadt-Lander auf Region/Ostschweiz differenzieren oder per 301 auf Standortseite konsolidieren (Winterthur-Präzedenz),yes,Fast identische Titles/H1s; beide stark intern verlinkt (StickyCtaBar bzw. 132 interne Refs). 09/2026 bewusst NICHT blind geändert.
akupunktur basel / tcm basel,/akupunktur-tcm-basel/,/standorte/basel/,high,/standorte/basel/,Beide Seiten sind neu (Praxis öffnet 2028); Indexierung abwarten und per GSC entscheiden; bis dahin keine dritte Basel-Seite anlegen,yes,Gleiche Konstellation wie St. Gallen; /standorte/basel/ passt in die Architektur (hat /kosten/-Kind + Breadcrumb).
kinderwunsch akupunktur / tcm kinderwunsch,/beschwerden/kinderwunsch/,/wissen/kinderwunsch-akupunktur-tcm/,high,/beschwerden/kinderwunsch/,Wissen-Artikel auf enge Intents fokussieren (IVF-Begleitung im Detail; Studienlage) und Behandlungs-/Krankenkassen-Abschnitte entschlacken; erst nach GSC-Check,yes,Beide decken Studienlage + IVF + Krankenkasse; stärkste offene beschwerden/wissen-Überschneidung.
hijama / blutiges schröpfen,/therapien/schroepfen/hijama/,/therapien/schroepfen/blutiges-schroepfen/,medium,/therapien/schroepfen/hijama/,Blutiges-Schröpfen-Title vom Zusatz (Hijama) befreien und klar auf den deutschen Begriff ausrichten; Hijama-Seite behält den arabischen Begriff; Cross-Link mit erklärendem Anker,partial,"Beide Titles führen ""Hijama in der Schweiz""-Varianten; Begriffe sind Synonyme mit unterschiedlichen Suchpopulationen — Differenzierung möglich."
elektroakupunktur,/therapien/elektroakupunktur/,/wissen/elektroakupunktur-wirkung/,medium,/therapien/elektroakupunktur/,Wissen-Title stärker auf die Wirkmechanismus-Frage drehen (Vorbild: Studienlage-Frames 09/2026); Therapieseite besitzt den Methoden-Head-Term,partial,"Beide zielen generisch auf ""Elektroakupunktur""."
krankenkasse tcm / akupunktur krankenkasse,/krankenkassen/,/wissen/krankenkasse-tcm-was-wirklich-uebernommen-wird-2026/,medium,/krankenkassen/,Hub behält Commercial-Intent; Wissen-Artikel als editorialer Deep-Dive belassen; per GSC prüfen ob Google beide rotiert,yes,Auch /krankenkassen/akupunktur/ hängt im selben Intent-Raum; Dreieck beobachten.
pcos tcm / pcos akupunktur,/beschwerden/pcos/,/wissen/pcos-akupunktur-tcm/,medium,/beschwerden/pcos/,Wissen-H1/Intro stärker auf Einordnungs-Frage drehen falls GSC Rotation zeigt,yes,H2-Strukturen überlappen; Wissen-Artikel ist ehrlicher Einordnungstext.
haeufige infekte / immunsystem staerken,/beschwerden/immunschwaeche/,/wissen/haeufige-infekte-immunsystem/,medium,/beschwerden/immunschwaeche/,Beobachten; bei Rotation Wissen-Title auf Studien-/Alltagshebel-Frame drehen,yes,Wissen-Artikel behandelt bewusst die Grenzen der TCM — inhaltlich differenziert aber Keyword-nah.
menstruationsbeschwerden / zyklusbeschwerden / pms,/beschwerden/menstruationsbeschwerden/,/beschwerden/zyklusbeschwerden/,medium,/beschwerden/menstruationsbeschwerden/,GSC-Daten je Query prüfen; ggf. schwächere Seite per Canonical konsolidieren (Muster MERGED in beschwerden/[slug].astro); pms ist eigenständig,yes,Drittes nahes Leaf: /beschwerden/pms/. Gleiches Muster wie die 09/2026 konsolidierten Synonym-Tripel.
schmerzen unterer ruecken,/beschwerden/rueckenschmerzen/,/wissen/schmerzen-unterer-ruecken/,medium,/beschwerden/rueckenschmerzen/,Beobachten; Wissen-Artikel ist Ursachen-Ratgeber zur Symptom-Lokalisation — bei Rotation Intro/Anker schärfen,yes,Auch /beschwerden/ischias/ und /beschwerden/hexenschuss/ liegen im selben Cluster (fachlich getrennt).
akupunktur abnehmen / gewichtsmanagement,/beschwerden/gewichtsmanagement/,/wissen/akupunktur-zum-abnehmen/,medium,/wissen/akupunktur-zum-abnehmen/,Positionierung abgleichen: Wissen-Artikel verneint Abnehm-Programme während die Beschwerdeseite Gewichtsmanagement anbietet — redaktionelle Entscheidung nötig (kein reines SEO-Problem),no,Inhaltlicher Widerspruch wichtiger als Keyword-Überschneidung.
tcm zuerich / akupunktur zuerich,/akupunktur-tcm-zuerich/,/standorte/zuerich-city/,low,/akupunktur-tcm-zuerich/,"Keine Änderung: bewusste Hub-&-Spoke-Architektur (Hub = Stadt, Spokes = Quartiere); in GSC gelegentlich auf Rotation prüfen",no,Hub verlinkt alle drei Praxen; Spokes differenzieren per Quartier.
massage winterthur / massage st. gallen,/massage-winterthur/,/therapien/massage/klassische-massage/,low,/massage-winterthur/,"Stadtseiten besitzen ""massage + stadt""; Methodenseiten (Titles ""… Winterthur & St. Gallen"") besitzen die Methode — Anker entsprechend trennen",no,Betrifft alle 10 /therapien/massage/*-Seiten mit Städte-Title vs. 8 Massage-Stadtseiten.
wie lange bleiben akupunkturnadeln drin,/wissen/wie-lange-bleiben-akupunkturnadeln-drin/,/wissen/dauernadeln-akupunktur/,low,/wissen/wie-lange-bleiben-akupunkturnadeln-drin/,GELÖST 09/2026: Dauernadeln-Title vom wie-lange-Frame befreit; in GSC nachprüfen ob die Positionen 9-13 sich lösen,yes,Historisch in GSC belegte Rotation (Repo-Kommentar in wissen-akupunktur-bei.ts).
akupunktur in der naehe,/akupunktur-in-der-naehe/,/wissen/akupunktur-in-meiner-naehe-schweiz/,low,/akupunktur-in-der-naehe/,GELÖST 09/2026: Wissen-Duplikat kanonisiert + interne Links umgezogen + aus Sitemap entfernt; nur noch beobachten,no,Nicht rückgängig machen; Wissen-URL nicht wieder intern pushen.
spannungskopfschmerzen / kopfschmerzen,/beschwerden/spannungskopfschmerzen/,/wissen/akupunktur-bei-kopfschmerzen/,low,/beschwerden/spannungskopfschmerzen/,GELÖST 09/2026 (Studien-Frame im Wissen-Title); Kopfschmerz-Cluster gesamthaft beobachten (kopfschmerzen/spannungs/cluster/augenmigraene/migraene + was-hilft-Ratgeber),yes,Fünf Leaves + zwei Wissen-Artikel im Cluster — fachlich sauber getrennt.
plantarfasziitis / fersensporn,/beschwerden/plantarfasziitis/,/beschwerden/fersensporn/,none,/beschwerden/fersensporn/,Keine Änderung: bewusst fachlich getrennt und gegenseitig verlinkt (Repo-Kommentar),no,Dokumentierte Design-Entscheidung.
finger morgens steif / morgensteifigkeit,/koerpersignale/finger-morgens-steif/,/beschwerden/arthrose/,low,/beschwerden/arthrose/,Kein Fix nötig: Situations- vs. Krankheits-Intent bewusst getrennt; nach Indexierung in GSC auf Rotation beobachten,yes,"Monitoring-Eintrag Körpersignale Welle 2 (09/2026), kein aktueller Konflikt."
hand kribbelt velo / eingeschlafene hände,/koerpersignale/hand-kribbelt-beim-velofahren/,/beschwerden/karpaltunnelsyndrom/,low,/beschwerden/karpaltunnelsyndrom/,Kein Fix nötig: Situations- vs. Krankheits-Intent bewusst getrennt; nach Indexierung in GSC auf Rotation beobachten,yes,"Monitoring-Eintrag Körpersignale Welle 2 (09/2026), kein aktueller Konflikt."
bein taub sitzen / ischias,/koerpersignale/bein-wird-beim-sitzen-taub/,/beschwerden/ischias/,low,/beschwerden/ischias/,Kein Fix nötig: Situations- vs. Krankheits-Intent bewusst getrennt; nach Indexierung in GSC auf Rotation beobachten,yes,"Monitoring-Eintrag Körpersignale Welle 2 (09/2026), kein aktueller Konflikt."
nachtschweiss,/koerpersignale/nachtschweiss-ohne-fieber/,/beschwerden/hyperhidrose/,low,/koerpersignale/nachtschweiss-ohne-fieber/,Kein Fix nötig: Situations- vs. Krankheits-Intent bewusst getrennt; nach Indexierung in GSC auf Rotation beobachten,yes,"Monitoring-Eintrag Körpersignale Welle 2 (09/2026), kein aktueller Konflikt."
ohr verstopft / ohrdruck,/koerpersignale/ohr-einseitig-verstopft/,/beschwerden/hoersturz/,low,/koerpersignale/ohr-einseitig-verstopft/,Kein Fix nötig: Situations- vs. Krankheits-Intent bewusst getrennt; nach Indexierung in GSC auf Rotation beobachten,yes,"Monitoring-Eintrag Körpersignale Welle 2 (09/2026), kein aktueller Konflikt."
rückenschmerzen beim husten,/koerpersignale/rueckenschmerzen-beim-husten/,/beschwerden/rueckenschmerzen/,low,/beschwerden/rueckenschmerzen/,Kein Fix nötig: Situations- vs. Krankheits-Intent bewusst getrennt; nach Indexierung in GSC auf Rotation beobachten,yes,"Monitoring-Eintrag Körpersignale Welle 2 (09/2026), kein aktueller Konflikt."
tcm jobs schweiz / tcm stellen,/karriere/,https://ouch.tcm.ch/insights/tcm-jobs-schweiz/,medium,/karriere/,Cross-Domain: /karriere/ = commercial Job-Owner; OUCH-Artikel per SEO-Title auf Arbeitsmarkt-Analyse umpositioniert (Slug bleibt) und verlinkt auf /karriere/,no,"B2B-Architektur 09/2026. Kein Redirect, keine Kopie."
tcm karriere vs. tcm partner,/karriere/,/partner/,low,/karriere/ (Anstellung) · /partner/ (Unternehmertum),"Getrennt: /partner/ repurposed für Partnerschaft, Karriere-Inhalte + Bewerbungsformular nach /karriere/ verschoben; gegenseitige Routing-Hinweise",no,Aufgelöst 09/2026. /karriere/ → /partner/ 301 entfernt.
tcm jobs schweiz (3-Wege),/karriere/ → künftig /jobs/,https://ouch.tcm.ch/insights/tcm-jobs-schweiz/ · /branche/tcm-arbeitsmarkt-schweiz/ (planned),high,/karriere/ (interim) → /jobs/,Commercial: /jobs/ (nach Owner-Wechsel) bzw. /karriere/ interim · Editorial: OUCH · Faktisch: /branche/tcm-arbeitsmarkt-schweiz/. /karriere/ danach nur Karriere bei TCM.ch.,yes,"Wechsel erst, wenn /jobs/ indexiert (≥10 echte Inserate)."
m7 mentorat,/akademie/,https://ouch.tcm.ch/insights/m7-mentorat-tcm/ · /verzeichnis/mentoren/ (planned),medium,/akademie/,Service/Anmeldung: Akademie · Editorial: OUCH · neutrale Mentor:innen-Suche: /verzeichnis/mentoren/ (TCM.ch-Angebot dort separat gekennzeichnet),no,
emr / asca,/krankenkassen/ (Patient:innen),/regulatorik/emr/ /regulatorik/asca/ (planned) · OUCH emr-asca-labyrinth,medium,Patient: /krankenkassen/ · Fachperson: /regulatorik/…,Patienten-Kassenfragen vs. Registrierung für Fachpersonen vs. Kritik getrennt halten,yes,
tcm praxis verkaufen / nachfolge,/marktplatz/#praxisverkauf (noindex),/partner/praxisnachfolge/ (planned) · /praxiswissen/tcm-praxis-verkaufen/ (planned),medium,Neutral: /marktplatz/praxisverkauf/ · TCM.ch: /partner/praxisnachfolge/ · Info: /praxiswissen/tcm-praxis-verkaufen/,"Neutrales Inserat ≠ Gespräch mit TCM.ch ≠ Ratgeber; gegenseitig verlinken, nie vermischen",no,
praxispartner gesucht vs. tcm partner,/marktplatz/#praxispartner (noindex),/partner/,medium,/partner/ (TCM.ch) · /marktplatz/praxispartner/ (extern),Wording: «Praxispartner gesucht» nur extern,no,
tcm weiterbildung,/akademie/,/weiterbildungen/ (noindex),medium,/akademie/ (TCM.ch) · /weiterbildungen/ (branchenweit),TCM.ch-Angebote in /weiterbildungen/ sichtbar als TCM.ch gekennzeichnet,no,
therapeut finden (patient) vs. verzeichnis,/standorte/,/verzeichnis/ (noindex),medium,/standorte/ (Patient:innen),"Verzeichnis ist professionelles Netzwerk, keine Patientensuche; Suche trennt Patienten/Fachpersonen",no,
