"slug","url","gruppe","reviewer_typ","quellen_heute","kernaussage_kurzantwort","abschnitte_zu_belegen","absolute_formulierungen_pruefen","verwandte_beschwerden","status","reviewer","pruefdatum","quellen_neu"
"alkalische-phosphatase-erhoeht","https://tcm.ch/gesundheitsbibliothek/befunde-werte/alkalische-phosphatase-erhoeht/","Leber & Enzyme","Ärztliche Review (Innere Medizin/Hepatologie)","0","Die alkalische Phosphatase (AP) ist ein Enzym, das vor allem aus zwei Quellen stammt: aus Leber und Gallenwegen und aus dem Knochen. Ein erhöhter Wert kann deshalb ganz Unterschiedliches bedeuten, von Gallenwegsreizung über Knochenumbau bis zu normalen Lebensphasen wie Wachstum oder Schwangerschaft.","Woher kommt die alkalische Phosphatase? | Warum kann die AP erhöht sein? | Warum die Gamma-GT der Schlüssel ist | Was der Wert nicht beweist | Übliche Folgeabklärung | Red Flags | Integrative Einordnung","","","offen","","",""
"amylase-erhoeht","https://tcm.ch/gesundheitsbibliothek/befunde-werte/amylase-erhoeht/","Bauchspeicheldrüse","Ärztliche Review (Innere Medizin/Gastroenterologie)","0","Amylase ist ein Enzym, das Stärke spaltet, und stammt aus zwei Quellen: der Bauchspeicheldrüse und den Speicheldrüsen. Ein erhöhter Wert kann deshalb vom Bauch kommen, aber genauso vom Mundbereich, etwa bei einer Speicheldrüsenentzündung.","Was ist die Amylase? | Warum kann die Amylase erhöht sein? | Amylase und Lipase zusammen lesen | Was der Wert nicht beweist | Übliche Folgeabklärung | Red Flags | Integrative Einordnung","","","offen","","",""
"basophile-erhoeht","https://tcm.ch/gesundheitsbibliothek/befunde-werte/basophile-erhoeht/","Blutbild","Ärztliche Review (Innere Medizin/Hämatologie)","0","Basophile sind die mit Abstand seltenste Untergruppe der weissen Blutkörperchen, normalerweise unter einem Prozent. Sie sind an allergisch-entzündlichen Reaktionen beteiligt.","Was sind Basophile? | Warum die kleinen Zahlen täuschen können | Warum können Basophile erhöht sein? | Einzelwert oder Verlauf? | Was der Wert nicht beweist | Übliche Folgeabklärung | Red Flags | Integrative Einordnung","er Wert bedeuten kann und warum er fast nie isoliert beurteilt wird || ist häufig ohne Krankheitswert und wird praktisch nie isoliert beurteilt || e Basophilenzahl, und selbst diese wird immer im Kontext des gesamten Blutbilds geles","","offen","","",""
"bilirubin-erhoeht","https://tcm.ch/gesundheitsbibliothek/befunde-werte/bilirubin-erhoeht/","Leber & Enzyme","Ärztliche Review (Innere Medizin/Hepatologie)","0","Bilirubin ist ein gelblicher Farbstoff, der beim Abbau roter Blutkörperchen entsteht. Die Leber verarbeitet ihn und scheidet ihn über die Galle aus.","Was ist Bilirubin? | Warum kann Bilirubin erhöht sein? | Warum die Begleitwerte zählen | Was der Wert nicht beweist | Übliche Folgeabklärung | Red Flags | Integrative Einordnung","leitwerte zählen Ein Bilirubinwert wird praktisch nie allein beurteilt","","offen","","",""
"calcium-zu-hoch","https://tcm.ch/gesundheitsbibliothek/befunde-werte/calcium-zu-hoch/","Elektrolyte","Ärztliche Review (Innere Medizin/Endokrinologie)","0","Calcium wird im Blut zum Teil frei, zum Teil an das Eiweiss Albumin gebunden transportiert. Ein leicht erhöhter Gesamtwert wird deshalb oft erst nach Korrektur um das Albumin (oder als ionisiertes Calcium) aussagekräftig.","Gesamt-Calcium, korrigiertes Calcium, ionisiertes Calcium | Warum kann Calcium erhöht sein? | Einzelwert oder Verlauf? | Was der Wert nicht beweist | Übliche Folgeabklärung | Red Flags | Integrative Einordnung","","","offen","","",""
"eosinophile-erhoeht","https://tcm.ch/gesundheitsbibliothek/befunde-werte/eosinophile-erhoeht/","Blutbild","Ärztliche Review (Innere Medizin/Allergologie)","0","Eosinophile sind eine kleine Untergruppe der weissen Blutkörperchen, die bei allergischen Reaktionen und in der Abwehr von Parasiten eine Rolle spielt. Erhöhte Werte sieht man deshalb oft bei Allergien, Asthma oder entzündlichen Hauterkrankungen, aber längst nicht nur dort: Auch Medikamente und andere Erkrankungen kommen infrage.","Was sind Eosinophile? | Relativ oder absolut erhöht? | Warum können Eosinophile erhöht sein? | Einzelwert oder Verlauf? | Was der Wert nicht beweist | Übliche Folgeabklärung | Red Flags | Integrative Einordnung","Ein erhöhter Wert benennt nie von selbst die Ursache","/beschwerden/allergien-heuschnupfen/","offen","","",""
"ferritin-erhoeht","https://tcm.ch/gesundheitsbibliothek/befunde-werte/ferritin-erhoeht/","Vitamine & Eisenspeicher","Ärztliche Review (Innere Medizin/Hämatologie)","0","Ferritin ist der Eisenspeicher-Marker, aber ein hoher Wert bedeutet nicht automatisch zu viel Eisen. Ferritin gehört zu den Akute-Phase-Proteinen und steigt auch bei Entzündungen, Infekten, Leberbelastung und Stoffwechselerkrankungen.","Warum Ferritin doppeldeutig ist | Häufige Gründe für ein erhöhtes Ferritin | Welche Werte helfen bei der Einordnung? | Was der Wert nicht beweist | Übliche Folgeabklärung | Red Flags | Integrative Einordnung","etzen ist auf Basis dieses Werts allein nie die richtige Konsequenz","/beschwerden/fettleber/","offen","","",""
"gamma-gt-erhoeht","https://tcm.ch/gesundheitsbibliothek/befunde-werte/gamma-gt-erhoeht/","Leber & Enzyme","Ärztliche Review (Innere Medizin/Hepatologie)","0","Die Gamma-GT (GGT, Gamma-Glutamyltransferase) ist ein Enzym, das vor allem in Leber und Gallenwegen vorkommt. Sie reagiert empfindlich auf viele Einflüsse, von Alkohol über Medikamente bis zu Leber- und Gallenwegserkrankungen.","Was ist die Gamma-GT? | Warum kann die Gamma-GT erhöht sein? | Isolierte Gamma-GT oder mehrere auffällige Leberwerte? | Was der Wert nicht beweist | Übliche Folgeabklärung | Red Flags | Integrative Einordnung","Setze deswegen nie selbstständig ein Medikament ab, sonder","/beschwerden/fettleber/","offen","","",""
"got-ast-erhoeht","https://tcm.ch/gesundheitsbibliothek/befunde-werte/got-ast-erhoeht/","Leber & Enzyme","Ärztliche Review (Innere Medizin/Hepatologie)","0","GOT (Glutamat-Oxalacetat-Transaminase) und AST (Aspartat-Aminotransferase) sind zwei Namen für dasselbe Enzym. Anders als die GPT/ALT kommt es nicht nur in der Leber vor, sondern auch in Skelettmuskulatur, Herzmuskel und anderen Geweben.","GOT oder AST: Warum zwei Namen? | Warum kann die GOT/AST erhöht sein? | Zusammenspiel mit der GPT/ALT | Was der Wert nicht beweist | Übliche Folgeabklärung | Red Flags | Integrative Einordnung","","","offen","","",""
"gpt-alt-erhoeht","https://tcm.ch/gesundheitsbibliothek/befunde-werte/gpt-alt-erhoeht/","Leber & Enzyme","Ärztliche Review (Innere Medizin/Hepatologie)","0","GPT (Glutamat-Pyruvat-Transaminase) und ALT (Alanin-Aminotransferase) sind zwei Namen für dasselbe Enzym: die ältere und die internationale Bezeichnung. Es kommt besonders konzentriert in Leberzellen vor.","GPT oder ALT: Warum zwei Namen? | Warum kann die GPT/ALT erhöht sein? | Höhe und Verlauf | Was der Wert nicht beweist | Übliche Folgeabklärung | Red Flags | Integrative Einordnung","h Labor GPT, ALT oder ALAT, gemeint ist immer dasselbe Enzym","/beschwerden/fettleber/","offen","","",""
"haemoglobin-zu-hoch","https://tcm.ch/gesundheitsbibliothek/befunde-werte/haemoglobin-zu-hoch/","Blutbild","Ärztliche Review (Innere Medizin/Hämatologie)","0","Ein erhöhter Hämoglobinwert hat zwei grundsätzlich verschiedene Erklärungen: Entweder ist das Blut eingedickt (zu wenig Flüssigkeit, dann ist die Konzentration hoch, ohne dass mehr rote Blutkörperchen da sind), oder der Körper bildet tatsächlich mehr rote Blutkörperchen, etwa als Reaktion auf Sauerstoffmangel. Eine Wiederholungsmessung in gut hydriertem Zustand ist deshalb oft der erste Schritt.","Konzentration oder echte Vermehrung? | Warum kann das Hämoglobin echt erhöht sein? | Einzelwert oder Verlauf? | Was der Wert nicht beweist | Übliche Folgeabklärung | Red Flags | Integrative Einordnung","","","offen","","",""
"haemoglobin-zu-niedrig","https://tcm.ch/gesundheitsbibliothek/befunde-werte/haemoglobin-zu-niedrig/","Blutbild","Ärztliche Review (Innere Medizin/Hämatologie)","0","Hämoglobin (Hb) ist der rote Blutfarbstoff, der den Sauerstoff von der Lunge in den Körper transportiert. Ein zu tiefer Wert bedeutet, dass weniger Transportkapazität zur Verfügung steht (Blutarmut, medizinisch Anämie).","Was ist Hämoglobin? | Warum kann das Hämoglobin zu niedrig sein? | Warum die Begleitwerte entscheiden | Was der Wert nicht beweist | Übliche Folgeabklärung | Red Flags | Integrative Einordnung","Genau deshalb wird ein tiefer Hb-Wert nie isoliert behandelt, sondern zuerst eing || se ohne erkennbare Ursache: Dort gehört immer die Quelle gesucht","/beschwerden/eisenmangel/","offen","","",""
"harnsaeure-erhoeht","https://tcm.ch/gesundheitsbibliothek/befunde-werte/harnsaeure-erhoeht/","Stoffwechsel","Ärztliche Review (Innere Medizin/Rheumatologie)","0","Harnsäure ist ein Abbauprodukt der Purine, die in jeder Körperzelle und in vielen Lebensmitteln vorkommen. Ausgeschieden wird sie vor allem über die Nieren.","Was ist Harnsäure? | Warum kann die Harnsäure erhöht sein? | Harnsäure und Gicht | Einzelwert oder Verlauf? | Was der Wert nicht beweist | Übliche Folgeabklärung | Red Flags | Integrative Einordnung","enschen mit erhöhter Harnsäure bekommen nie einen Gichtanfall","/beschwerden/gicht/","offen","","",""
"kalium-zu-hoch","https://tcm.ch/gesundheitsbibliothek/befunde-werte/kalium-zu-hoch/","Elektrolyte","Ärztliche Review (Innere Medizin/Nephrologie)","0","Kalium ist ein Elektrolyt, das die elektrische Erregbarkeit von Herz, Nerven und Muskeln mitsteuert; reguliert wird es vor allem über die Nieren. Ein erhöhter Wert (Hyperkaliämie) hat viele mögliche Erklärungen, von einem Messartefakt bei der Blutentnahme über Medikamente bis zur eingeschränkten Nierenfunktion.","Was macht Kalium im Körper? | Warum kann Kalium erhöht sein? | Warum der Wert ernst genommen wird | Was der Wert nicht beweist | Übliche Folgeabklärung | Red Flags | Integrative Einordnung","us beeinflussen kann, gehört der Befund immer zeitnah ärztlich eingeordnet","/beschwerden/bluthochdruck/","offen","","",""
"ldh-erhoeht","https://tcm.ch/gesundheitsbibliothek/befunde-werte/ldh-erhoeht/","Leber & Enzyme","Ärztliche Review (Innere Medizin/Labormedizin)","0","Die Laktatdehydrogenase (LDH) ist ein Enzym des Energiestoffwechsels, das in fast allen Körperzellen vorkommt: Leber, Muskeln, Herz, rote Blutkörperchen, Lunge und mehr. Steigt sie im Blut, sind irgendwo vermehrt Zellen zerfallen oder gestresst.","Was ist die LDH? | Warum kann die LDH erhöht sein? | Wie der Wert sinnvoll gelesen wird | Was der Wert nicht beweist | Übliche Folgeabklärung | Red Flags | Integrative Einordnung","upt: Sie zeigt an, dass etwas ist, aber praktisch nie, wo || Die Frage ist nie ""Was bedeutet die LDH?"", sondern ""Zu we","","offen","","",""
"lipase-erhoeht","https://tcm.ch/gesundheitsbibliothek/befunde-werte/lipase-erhoeht/","Bauchspeicheldrüse","Ärztliche Review (Innere Medizin/Gastroenterologie)","0","Die Lipase ist ein Verdauungsenzym der Bauchspeicheldrüse, das Fette spaltet. Deutlich erhöhte Werte zusammen mit starken Oberbauchschmerzen sprechen für eine Entzündung der Bauchspeicheldrüse und gehören rasch medizinisch beurteilt.","Was ist die Lipase? | Warum kann die Lipase erhöht sein? | Der Kontext entscheidet | Was der Wert nicht beweist | Übliche Folgeabklärung | Red Flags | Integrative Einordnung","","","offen","","",""
"monozyten-erhoeht","https://tcm.ch/gesundheitsbibliothek/befunde-werte/monozyten-erhoeht/","Blutbild","Ärztliche Review (Innere Medizin/Hämatologie)","0","Monozyten sind eine Untergruppe der weissen Blutkörperchen (Leukozyten). Sie wandern ins Gewebe ein, werden dort zu Fresszellen und räumen Erreger und Zelltrümmer ab.","Was sind Monozyten? | Relativ oder absolut erhöht? | Warum können Monozyten erhöht sein? | Einzelwert oder Verlauf? | Was der Wert nicht beweist | Übliche Folgeabklärung | Red Flags | Integrative Einordnung","","","offen","","",""
"natrium-zu-hoch","https://tcm.ch/gesundheitsbibliothek/befunde-werte/natrium-zu-hoch/","Elektrolyte","Ärztliche Review (Innere Medizin/Nephrologie)","0","Natrium ist das wichtigste Elektrolyt im Blutplasma und wird gemeinsam mit dem Wasserhaushalt reguliert. Ein zu hoher Wert (Hypernatriämie) bedeutet fast immer: Es fehlt Wasser im Verhältnis zum Salz, meist durch zu wenig Trinken oder Flüssigkeitsverluste.","Natrium und Wasser gehören zusammen | Warum kann Natrium erhöht sein? | Warum der Wert ernst genommen wird | Was der Wert nicht beweist | Übliche Folgeabklärung | Red Flags | Integrative Einordnung","zu hoher Wert (Hypernatriämie) bedeutet fast immer: Es fehlt Wasser im Verhältnis zum Salz","","offen","","",""
"neutrophile-erhoeht","https://tcm.ch/gesundheitsbibliothek/befunde-werte/neutrophile-erhoeht/","Blutbild","Ärztliche Review (Innere Medizin/Hämatologie)","0","Neutrophile Granulozyten sind die zahlreichste Untergruppe der weissen Blutkörperchen (Leukozyten) und die schnelle Eingreiftruppe gegen Bakterien. Ihr Wert steigt bei akuten Entzündungen und Infekten, aber auch bei körperlichem Stress, nach Belastung, durch Rauchen oder bestimmte Medikamente wie Kortison.","Was sind Neutrophile? | Warum können Neutrophile erhöht sein? | Relativ, absolut und das Differenzialblutbild | Was der Wert nicht beweist | Übliche Folgeabklärung | Red Flags | Integrative Einordnung","","","offen","","",""
"vitamin-b12-zu-niedrig","https://tcm.ch/gesundheitsbibliothek/befunde-werte/vitamin-b12-zu-niedrig/","Vitamine & Eisenspeicher","Ärztliche Review (Innere Medizin/Hämatologie)","0","Vitamin B12 braucht der Körper für die Blutbildung und für die Funktion der Nerven. Ein tiefer Serumwert kann auf einen Mangel hinweisen, ist aber interpretationsbedürftig: Das Standard-Serum-B12 hat eine Grauzone, in der erst Zusatzwerte klären, ob wirklich ein Mangel auf Zellebene besteht.","Wofür braucht der Körper B12? | Warum kann B12 zu niedrig sein? | Warum der Serumwert allein oft nicht reicht | Was der Wert nicht beweist | Übliche Folgeabklärung | Red Flags | Integrative Einordnung","","/beschwerden/eisenmangel/","offen","","",""
"vitamin-d-zu-niedrig","https://tcm.ch/gesundheitsbibliothek/befunde-werte/vitamin-d-zu-niedrig/","Vitamine & Eisenspeicher","Ärztliche Review (Innere Medizin/Endokrinologie)","0","Im Labor wird üblicherweise das 25-OH-Vitamin-D gemessen, die Speicherform des Vitamins. Ein tiefer Wert ist in der Schweiz vor allem im Winterhalbjahr häufig, weil der Körper Vitamin D überwiegend über Sonnenlicht in der Haut bildet.","Was wird gemessen? | Warum kann Vitamin D zu niedrig sein? | Warum die Dosierung nicht aus dem Internet stammen sollte | Was der Wert nicht beweist | Übliche Folgeabklärung | Red Flags | Integrative Einordnung","","","offen","","",""
